Team_ID,Team
3b40c85f,1874 Northwich FC
912dc50a,Abbey Hey FC
d509b648,Abbey Rangers FC
d7bd6336,Abingdon Town FC
bbbaafbd,Abingdon United FC
a77b6332,AC London FC
da610b0b,Accrington FC
9172ba36,Accrington Stanley FC
4ba7cbea,AFC Bournemouth
1555fd41,AFC Bridgnorth
8ad6bf1a,AFC Croydon Athletic
4acff3a3,AFC Dunstable
20223719,AFC Emley
60d44c62,AFC Fylde
1090c42d,AFC Hayes
8b612604,AFC Hornchurch
9d333d4d,AFC Kempston Rovers
e84ae6e6,AFC Liverpool
378d1fb0,AFC Mansfield
b9bb5e8b,AFC Portchester
738b3084,AFC Rushden & Diamonds
67eb4d7c,AFC St Austell
92bbdde1,AFC Stoneham
d06d7955,AFC Sudbury
591f08b4,AFC Telford United
336080cb,AFC Totton
82d74a31,AFC Uckfield
feb81768,AFC Varndeanians FC
401c21da,AFC Whyteleafe
8b9bf22a,AFC Wimbledon
0057a3e8,AFC Wulfrunians
35e5e699,Albion Sports AFC
a8290768,Aldershot Town FC
600a2e7a,Alfold FC
0ec6c3db,Alfreton Town FC
99c75420,Alresford Town FC
ba3f43b8,Alsager Town FC
e2225bcd,Alton Town FC
b30f94be,Altrincham FC
5b03fc2d,Alvechurch FC
b8eb223a,Amersham Town FC
4bb5ca36,Amesbury Town FC
fbaa2eb3,Andover New Street FC
1ef7fad6,Andover Town FC
cdb9a4a5,Anstey Nomads FC
336350ae,Ardley United FC
3625eed4,Arlesey Town FC
fc986573,Armthorpe Welfare FC
18bb7c10,Arsenal FC
45bf2fb0,Arsenal FC U21
ad0e69a2,Arsenal FC U23
411b1108,Arsenal WFC
84241c78,Arundel FC
a39704ce,Ascot United FC
2e99fbc3,Ashby Ivanhoe
360e223a,Ashford Town FC
6a3a63d1,Ashford United FC
299bf6dc,Ashington AFC
1431a1f6,Ashton & Backwell United FC
33c396b4,Ashton Athletic FC
753274ac,Ashton United FC
8602292d,Aston Villa FC
6934984c,Aston Villa FC U21
5b4413b6,Aston Villa FC U23
53157aa8,Aston Villa LFC
16ea3e5b,Athersley Recreation FC
f148da9b,Atherstone Town FC
fec0bcae,Atherton Collieries AFC
ceb27d4e,Athletic Newham FC
15df0b1b,Aveley FC
05a63aba,Avro FC
a2bb1880,Aylesbury FC
b9c52f61,Aylesbury United FC
7c530417,Aylestone Park FC
8b9aa600,Badshot Lea FC
dfbab0a1,Baffins Milton Rovers FC
b1853103,Baldock Town FC
f56e10fd,Balham FC
2c979558,Bamber Bridge FC
d7dbae42,Banbury United FC
6e1602a5,Banstead Athletic FC
e22c1459,Barking FC
f31e3fe6,Barkingside FC
2e91bf26,Barnet FC
c1687c98,Barnoldswick Town FC
293cb36b,Barnsley FC
8a96d570,Barnstaple Town FC
5b22e4d8,Barnton FC
8efa4cdf,Barrow AFC
d56a53c1,Barton Rovers FC
a8089e36,Barton Town Old Boys FC
92ed4b3c,Barwell FC
7ab048b4,Basford United FC
ac3c6798,Bashley FC
6611a56f,Basildon United FC
150ca7e0,Basingstoke Town FC
fb27b2be,Bath City FC
45e81884,Beaconsfield SYCOB FC
91be9da1,Bearsted FC
a2480d20,Beckenham Town FC
ad64c331,Bedfont & Feltham FC
9a3ed555,Bedfont Sports FC
071928b7,Bedford Town FC
fdca0ffb,Bedworth United FC
230cd2d1,Belper Town FC
faf2153c,Belper United FC
5912b229,Bemerton Heath Harlequins FC
a5346ef3,Benfleet FC
0cbdf3fc,Berkhamsted FC
3ac9a14f,Berks County FC
57e943b4,Beverley Town FC
b8c7b8a6,Bewdley Town FC
04cb71ce,Bexhill United FC
d9a9d0c4,Bideford AFC
b822d8b7,Biggleswade FC
3a978ab7,Biggleswade Town FC
b35b6762,Biggleswade United FC
f60cbb9d,Billericay Town FC
ab239fb4,Billingham Synthonia FC
f8ab94a8,Billingham Town FC
79b36fa3,Billingshurst FC
bbbad8d0,Binfield FC
ec79b7c2,Birmingham City FC
d039a39a,Birmingham City FC U23
e3719fe4,Birmingham City WFC
7dd4407b,Birstall United FC
09eb8c99,Birtley Town FC
a56c00fb,Bishop Auckland FC
6361b4d5,Bishop's Cleeve FC
034e0831,Bishop's Stortford FC
2afb9193,Bitton AFC
2cecc8dd,Blaby & Whetstone Athletic FC
d23611a9,Black Country Rangers FC
e090f40b,Blackburn Rovers FC
b4c2d36f,Blackburn Rovers FC U21
b6e0c777,Blackburn Rovers FC U23
3fbac746,Blackfield & Langley FC
7cbf5cb4,Blackpool FC
d1e812e6,Blackstones FC
2385c881,Blyth Spartans AFC
dfb2ec91,Blyth Town FC
f03d5c48,Bodmin Town FC
2ca652c2,Bognor Regis Town FC
109addf7,Boldmere St. Michaels FC
445d3104,Bolton Wanderers FC
85533b44,Bootle FC
8550eb99,Boreham Wood FC
6e963ced,Boro Rangers
e3372d05,Boston Town FC
74a48ef5,Boston United FC
7554d3b4,Bottesford Town FC
5091b0a3,Bourne Town FC
c5b06e34,Bournemouth FC
e45dee63,Bovey Tracey AFC
03ca571f,Bowers & Pitsea FC
443f55b6,Brackley Town FC
97ad8cf3,Brackley Town Saints FC
927f22b5,Bracknell Town FC
3148d79f,Bradford City AFC
fea74374,Bradford Park Avenue AFC
b6c1f39d,Bradford Town FC
6cbef56e,Braintree Town FC
c15c8453,Brantham Athletic FC
cd051869,Brentford FC
83ef77d0,Brentwood Town FC
f61496ed,Bridgwater Town FC
2b59cdb7,Bridlington Town AFC
97f7c0cc,Bridon Ropes FC
9222bd55,Bridport FC
cebc7525,Brighouse Town FC
fd4e4cac,Brightlingsea Regent FC
d07537b9,Brighton & Hove Albion FC
11da5cc7,Brighton & Hove Albion FC U21
d2bc69d1,Brighton & Hove Albion FC U23
fa2752bc,Brighton & Hove Albion WFC
74110747,Brimscombe & Thrupp FC
9922b4f3,Brislington FC
93493607,Bristol City FC
41916f68,Bristol City WFC
fe2e7bc0,Bristol Manor Farm FC
654f3ca6,Bristol Rovers FC
09aca0fc,British Airways FC
c601e522,Brixham AFC
1c6908bf,Broadbridge Heath FC
d8dc356f,Broadfields United FC
7f138cd8,Brockenhurst FC
c19e830c,Brocton FC
6a9477ca,Bromley FC
ece9bace,Bromsgrove Sporting FC
13e1d2d8,Broxbourne Borough FC
9c6644e9,Buckhurst Hill FC
5a7ba58a,Buckingham Town FC
1d996a65,Buckland Athletic FC
16affe26,Bugbrooke St Michaels FC
3d4e80d3,Burgess Hill Town FC
78fd66d2,Burnham FC
ea3bb140,Burnham Ramblers FC
943e8050,Burnley FC
100ada1c,Burnley FC U23
8ed14386,Burscough FC
b09787c5,Burton Albion FC
6866d540,Burton Park Wanderers FC
6c8eaf71,Bury AFC
cbc02110,Bury FC
24aaaeb6,Bury Town FC
ad55c5e3,Buxton FC
058437c7,Cadbury Athletic FC
f8e7bbad,Cadbury Heath FC
78a4717c,Calne Town FC
298c8071,Camberley Town FC
1f820f64,Cambridge City FC
41da1cf3,Cambridge United FC
e3a18437,Cammell Laird 1907 FC
00f3d715,Campion AFC
6fea1ad9,Canterbury City FC
276c9299,Canvey Island FC
75fae011,Cardiff City FC
6e3e89b0,Cardiff City Ladies FC
4ca8da55,Carlisle City FC
120cfbbd,Carlisle United FC
54d36ce1,Carlton Town FC
8d7f0947,Carshalton Athletic FC
b772a0d3,CB Hounslow United FC
8a89e248,Chadderton FC
0590086c,Chalfont St Peter AFC
7a8db6d4,Charlton Athletic FC
1efbc6eb,Charnock Richard FC
280b8b95,Chasetown FC
f3bb7341,Chatham Town FC
2a8d5cb1,Cheadle Town FC
08eaa5f9,Cheddar AFC
c03b95cb,Chelmsford City FC
b6bd1c2f,Chelmsley Town FC
cff3d9bb,Chelsea FC
de731359,Chelsea FC U21
09080694,Chelsea FC U23
a6a4e67d,Chelsea FC Women
7512123b,Cheltenham Saracens FC
7c4744f7,Cheltenham Town FC
d8149ca8,Chertsey Town FC
ec724f18,Chesham United FC
cdc6f1ba,Cheshunt FC
4dc8a3f4,Chessington & Hook United FC
793f90cb,Chester City FC
407ae013,Chester FC
fd3f6c8f,Chester-le-Street Town FC
ce786972,Chesterfield FC
8bdee328,Chichester City FC
d99fb76d,Chippenham Town FC
37648335,Chipping Sodbury Town FC
238e72bb,Chipstead FC
dd320a9c,Chorley FC
995840b9,Christchurch FC
cd2eebff,Cinderford Town AFC
41431017,Cirencester Town FC
9c348bd3,City of Liverpool FC
0cb46a1b,Clanfield FC
cfd6a267,Clapton FC
0497b125,Cleethorpes Town FC
fd990599,Clevedon Town FC
f9127078,Clipstone FC
bb27be09,Clitheroe FC
95360cc4,Coalville Town FC
218697c2,Cobham FC
83328109,Cockfosters FC
095603a6,Cogenhoe United FC
638137af,Coggeshall Town FC
4caa6329,Coggeshall United FC
b17b8146,Colchester United FC
c8ce7522,Coleshill Town FC
d301e765,Colliers Wood United FC
eff20272,Colne FC
ca07d679,Colney Heath FC
9026f39f,Colwyn Bay FC
c4aa160b,Concord Rangers FC
cce0c5d3,Congleton Town FC
5f241f9b,Consett AFC
ced7338e,Corby Town FC
69d1486e,Corinthian FC
0bdfe722,Corinthian-Casuals FC
e59da1a5,Cornard United FC
05c8bc89,Corsham Town FC
f7e3dfe9,Coventry City FC
b56da2c8,Coventry Sphinx FC
db4fe607,Coventry United FC
17135aa9,Cowes Sports FC
9223fee9,Crawley Down Gatwick FC
d5633f66,Crawley Green FC
0cd8eef2,Crawley Town FC
942ba9cb,Cray Valley Paper Mills FC
69e73431,Cray Wanderers FC
f13a527f,Crewe Alexandra FC
59331535,Cribbs FC
58a2a139,Crook Town AFC
bf17ada4,Crowborough Athletic FC
42985ea9,Croydon FC
47c64c55,Crystal Palace FC
78ba1bd4,Crystal Palace FC
fbb59f3a,Crystal Palace FC U21
62c221d0,Crystal Palace FC U23
890ca1be,Curzon Ashton FC
4db00b00,Dagenham & Redbridge FC
c69b0860,Daisy Hill FC
e006ce38,Darlaston Town 1874 FC
3902ac3a,Darlington FC
d4547110,Dartford FC
03cc5b9c,Darwen FC
6e51523d,Darwen FC
6a45c443,Daventry Town FC
3dbf7d6e,Deal Town FC
f2a3d2af,Deeping Rangers FC
26ab47ee,Derby County FC
f7e88c47,Derby County FC U21
f7ac9c26,Derby County FC U23
cee82c49,Dereham Town FC
ced3e328,Desborough Town FC
7f3a0611,Didcot Town FC
f7c0dbfb,Diss Town FC
03d10d77,Doncaster Rovers FC
0476c053,Dorchester Town FC
9ac0ab8c,Dorking Wanderers FC
bf41d73a,Dover Athletic FC
9d2882b4,Downham Town FC
4119b949,Downton FC
fd730cd9,Droylsden FC
8f955b4e,Dudley Town FC
e44c15dd,Dulwich Hamlet FC
5d659930,Dunkirk FC
2a3bd9a7,Dunstable Town FC
64041a1f,Dunston UTS FC
088e2382,Durham City AFC
f648f064,Easington Colliery AFC
597dfb7c,Easington Sports FC
1069b646,East Grinstead Town FC
3f546212,East Preston FC
0c5e8a59,East Thurrock United FC
2c650cec,Eastbourne Borough FC
8bd6c45a,Eastbourne Town FC
7c676798,Eastbourne United Association FC
962bc612,Eastleigh FC
27ff1887,Eastwood Community FC
9f1a0d0f,Ebbsfleet United FC
48341a40,Eccleshill United FC
883cecf1,Edgware Town FC
d1edcaa6,Egham Town FC
b743036f,Ellesmere Rangers FC
8068a873,Ely City FC
942c64e0,Enfield FC
d39a5c71,Enfield Town FC
02fa4e29,Epsom & Ewell FC
775cbc63,Erith & Belvedere FC
905f5877,Erith Town FC
ef533799,Eversley & California FC
d3fd31cc,Everton FC
2e99ee2e,Everton FC U21
4d6fce81,Everton FC U23
c4989550,Everton LFC
2574f878,Evesham United FC
05791fbc,Exeter City FC
67dbcda9,Exmouth Town FC
27ac0a6b,Eynesbury Rovers FC
69cc703d,Fairford Town FC
e7c023eb,Fakenham Town FC
2618e808,Falmouth Town AFC
2b61b745,Fareham Town FC
137e9691,Farnborough FC
5ca387d3,Farnham Town FC
44414dfa,Farsley AFC
45e1bab9,Farsley Celtic AFC
4fdd2721,Faversham Town FC
61115d46,Fawley AFC
ee0a3329,FC Clacton
38154f92,FC Halifax Town
d50d98b2,FC Romania
8cd10831,FC St Helens
a3b1d6fb,FC United of Manchester
36bd8261,Felixstowe & Walton United FC
34c2d664,Fisher FC
28a78514,Flackwell Heath FC
0677e54e,Fleet Town FC
d6a369a2,Fleetwood Town FC
bcf7f64e,Folkestone Invicta FC
4f999ac2,Folland Sports FC
f1eb9593,Forest Green Rovers FC
88679ded,Framlingham Town FC
123c1e03,Frenford
32dd1966,Frickley Athletic FC
ac110d44,Frimley Green FC
da6303ff,Frome Town FC
fd962109,Fulham FC
b3bf8d09,Fulham FC U21
415ce479,Fulham FC U23
521d0055,Gainsborough Trinity FC
2e358937,Garforth Town AFC
250e0f45,Gateshead FC
5f01284a,Gillingham FC
21071f14,Glasshoughton Welfare AFC
b1363a5e,Glebe FC
bd324020,Glossop North End AFC
832dc86b,Gloucester City AFC
a06ea519,Godalming Town FC
bc2621d8,Godmanchester Rovers FC
a4f3c5ca,Golcar United FC
322d8d79,Goole AFC
e1f78fc3,Gorleston FC
c9638571,Gosport Borough FC
23ee5f55,Grantham Town FC
d26c48f2,Grays Athletic FC
4fce24b5,Great Wakering Rovers FC
202c986b,Great Yarmouth Town FC
301d7ecd,Greenwich Borough FC
487a9456,Gresley FC
1a9ae966,Grimsby Borough FC
a18a87d7,Grimsby Town FC
ced81fa4,Guildford City FC
dfdd0f12,Guisborough Town FC
430d5511,Guiseley AFC
e242eb46,Hackney Wick FC
ff5a4643,Hadleigh United FC
948d87ed,Hadley FC
b75febc4,Hailsham Town FC
f21f8649,Halesowen Town FC
9966977d,Halifax Town AFC
e3183b99,Hall Road Rangers FC
eeba4604,Hallam FC
c522fe94,Hallen AFC
330f47ec,Halstead Town FC
fdf07616,Hamble Club FC
8e5b0dc7,Hampton & Richmond Borough FC
d949b8c7,Hamworthy Recreation FC
5a1c1639,Hamworthy United FC
1aa130c4,Handsworth Parramore FC
3ce5f9b7,Hanley Town FC
eb9ee060,Hanwell Town FC
918a5784,Hanworth Villa FC
3b47a2b5,Harborough Town FC
ca3056a6,Harefield United FC
0c421caf,Haringey Borough FC
6158ee6f,Harleston Town FC
d834b0f8,Harlow Town FC
ea71499b,Harpenden Town FC
d9631f91,Harrogate Railway Athletic FC
802d1b47,Harrogate Town FC
5f40f1aa,Harrow Borough FC
9b5f5ba2,Harrowby United FC
2af58c3d,Hartlepool United FC
a3b240a5,Hartley Wintney FC
edbb7f49,Hartpury University
665ff87c,Harwich & Parkeston FC
237a7862,Hashtag United FC
beeaafda,Hassocks FC
d83c33b1,Hastings United FC
47dd97d4,Haughmond FC
2621920d,Havant & Waterlooville FC
51248574,Haverhill Borough FC
ec940df5,Haverhill Rovers FC
f970e6e0,Hayes & Yeading United FC
92dd2ded,Haywards Heath Town FC
8f3e077d,Heacham
90d97f81,Heanor Town FC
fbabf718,Heather St John's FC
84d89f98,Heaton Stannington FC
aeb9ca22,Hebburn Town FC
2dd4700c,Hednesford Town FC
e00cce0f,Helston Athletic FC
634f08b3,Hemel Hempstead Town FC
eaa5a83c,Hemsworth Miners Welfare FC
13ccec38,Hendon FC
ba16d8ae,Hengrove Athletic FC
c4fb374f,Hereford FC
a142c424,Hereford Lads Club FC
d8736fdd,Hereford United FC
d84aed8f,Herne Bay FC
afb379f1,Hertford Town FC
8768fd23,Heybridge Swifts FC
12d66dd7,Highgate United FC
8dd11e62,Highworth Town FC
6484e504,Hilltop FC
524cc306,Hinckley AFC
cfc6e778,Histon FC
0eeb3a15,Hitchin Town FC
6f641c73,Hoddesdon Town FC
7aea0010,Holbeach United FC
e55c6443,Hollands & Blair FC
5e44ecfb,Holmer Green FC
23a5ee10,Holmesdale FC
bb6b177b,Holyport FC
821f5b2b,Horley Town FC
08a8aa15,Horndean FC
c7f9816b,Horsham FC
25bb9f33,Horsham YMCA FC
d444a3c2,Hucknall Town FC
f5922ca5,Huddersfield Town AFC
bd8769d1,Hull City AFC
2422a597,Hullbridge Sports FC
b0681010,Hungerford Town FC
ea5e2a33,Huntingdon Town FC
c4da6515,Hyde FC
bfc0fcdc,Hyde United FC
85dd0a2f,Hythe & Dibden FC
54ff9fcc,Hythe Town FC
fbf2a231,Ilford FC
d7006bdf,Ilfracombe Town FC
8b60d748,Ilkeston Town FC
b74092de,Ipswich Town FC
5e4c7673,Ipswich Wanderers FC
c4d82458,Irlam FC
c00e3065,Ivybridge Town FC
852578d0,Jarrow Roofing Boldon Community Association FC
69d91082,Jersey Bulls FC
a25ea964,K Sports FC
c427cb14,Kendal Town FC
5dc64565,Kennington FC
56b7695f,Kensington & Ealing Borough FC
31a305e0,Kettering Town FC
d360b312,Keynsham Town FC
fa7569e4,Kidderminster Harriers FC
d1f3cd8a,Kidlington FC
8d6cd286,Kidsgrove Athletic FC
6d4ed351,Kimberley Miners Welfare FC
0ce564ff,King's Lynn Town FC
541eb2b3,Kings Langley FC
1a91ea5d,Kingstonian FC
20bd71d7,Kirby Muxloe SC
5782545f,Kirkley & Pakefield FC
c8e8c154,Knaphill FC
517eb5d9,Knaresborough Town AFC
93ebe48c,Lakenheath FC
6aad0791,Lancaster City FC
1fa5410a,Lancing FC
25c34bd8,Langford FC
5fb28978,Langney Wanderers FC
bb5564b3,Larkfield & New Hythe FC
73ed98c8,Larkhall Athletic FC
59213a14,Laverstock & Ford FC
d81e9926,Leamington FC
7c79be7c,Leatherhead FC
5bfb9659,Leeds United FC
21823154,Leeds United FC U21
a93e668c,Leeds United FC U23
2ef75ba1,Leek Town FC
a2d435b3,Leicester City FC
cc320bb0,Leicester City FC U21
90773bc8,Leicester City FC U23
23bce84e,Leicester City WFC
a55589fa,Leicester Nirvana FC
fdbea88d,Leicester Road FC
647f02ca,Leighton Town FC
5f058d60,Leiston FC
32203553,Leverstock Green FC
0178d199,Lewes FC
4801f5b0,Leyton Athletic FC
590e9120,Leyton Orient FC
afa9dd72,Lichfield City FC
d76b7bed,Lincoln City FC
94378dd9,Lincoln United FC
905151b8,Lingfield FC
108d8bf3,Liskeard Athletic FC
4197ef46,Litherland REMYCA FC
6e09f654,Little Common FC
c1bd7719,Little Oakley FC
d73312d0,Littlehampton Town FC
822bd0ba,Liverpool FC
33861392,Liverpool FC U21
071dd6bd,Liverpool FC U23
00f74a56,Liverpool FC Women
f320e225,Liversedge FC
ccf02bc0,London Colney FC
0cc6aadb,London Lions FC
5096c621,London Tigers FC
2f4f44a5,Long Buckby AFC
31b401d3,Long Crendon FC
456a2ba8,Long Eaton United FC
d8ef4c92,Long Melford FC
95ffbc0a,Longlevens AFC
2b52c7d2,Longridge Town FC
36adf659,Longwell Green Sports FC
ca2e8132,Lordswood FC
ffbfc2ea,Loughborough Dynamo FC
8b451211,Loughborough University FC
75115000,Lower Breck FC
e2a21e1b,Lowestoft Town FC
ec282e5c,Loxwood FC
e297cd13,Luton Town FC
e9107eb0,Lutterworth Town AFC
d5d9a5e5,Lydd Town FC
9b96bd27,Lydney Town AFC
ec3067fc,Lye Town FC
35e9d30d,Lymington Town FC
ac5773a5,Macclesfield FC
4792ab67,Macclesfield Town FC
7cf2360b,Maidenhead United FC
5bb68ee3,Maidstone United FC
7685c25c,Maine Road FC
e8979067,Maldon & Tiptree FC
d0710d5b,Malmesbury Victoria FC
e5c50549,Maltby Main FC
6c4ff7a2,Malvern Town FC
b8fd03ef,Manchester City FC
a324bb9a,Manchester City FC U21
e41e516f,Manchester City FC U23
9ce68f8a,Manchester City WFC
19538871,Manchester United FC
1c067385,Manchester United FC U21
92aca032,Manchester United FC U23
0bbd83f6,Manchester United WFC
2bed3866,Mangotsfield United FC
13cb8449,Mansfield Town FC
dbc75ffa,March Town United FC
422d7787,Margate FC
ac17e8b2,Marine FC
5b913cc8,Market Drayton Town FC
cbf1c547,Marlow FC
7cb039af,Marske United FC
cb9661c9,Matlock Town FC
38269af5,Melksham Town FC
4345f782,Melton Town FC
0e497b8d,Merstham FC
3cce464f,Merthyr Town FC
2b361221,Metropolitan Police FC
fef07ac6,Mickleover Sports FC
7f59c601,Middlesbrough FC
d795b1d0,Middlesbrough FC U21
2d860997,Middlesbrough FC U23
36b70e8e,Midhurst & Easebourne FC
6c72992e,Mildenhall Town FC
c2e66508,Mile Oak FC
f4bc080e,Millbrook AFC
86cd8d0c,Millbrook FC
e3c537a1,Millwall FC
fcf5b1e1,Milton Keynes Dons FC
03cb80f2,Milton Keynes Irish FC
e35051fe,Milton United FC
2a655d60,Mole Valley SCR FC
ab7617e3,Molesey FC
64c31d0e,Moneyfields FC
6ca73159,Morecambe FC
0523f0dd,Morpeth Town AFC
2bf3ce84,Mossley AFC
3bc89541,Mousehole AFC
f0a37569,Mulbarton Wanderers FC
a593ec72,Nailsea & Tickenham
9407702a,Nantwich Town FC
d0684a25,Needham Market FC
1a20cdfc,Nelson FC
0c5e77e1,New Mills AFC
9d7c7bcf,New Salamis FC
5f17a87d,Newark FC
d7204c1c,Newark Town FC
fc8e01ae,Newcastle Benfield FC
403b8413,Newcastle Blue Star FC
c3badeb5,Newcastle Town FC
b2b47a98,Newcastle United FC
3ea79db4,Newcastle United FC U21
91df880d,Newcastle United FC U23
03b07924,Newent Town FC
46f4e0b0,Newhaven FC
34f35ec0,Newmarket Town FC
de6a22ee,Newport
6c15d7e1,Newport County AFC
27c01030,Newport Pagnell Town FC
93a93757,Newton Abbot Spurs AFC
9e411767,Newton Aycliffe FC
696c420b,North Ferriby FC
c3575167,North Ferriby United AFC
680ed164,North Greenford United FC
143c8922,North Leigh FC
406c8f02,North Shields FC
5ba45bf8,Northallerton Town FC
478f9ef1,Northampton ON Chenecks FC
1e6a4a15,Northampton Sileby Rangers FC
986a26c1,Northampton Town FC
66c5f006,Northwich Victoria FC
71f3fd0b,Northwood FC
b58dea12,Norton United FC
eef8cfaa,Norwich CBS FC
1c781004,Norwich City FC
74a5460e,Norwich City FC U21
8de86c22,Norwich City FC U23
76d10de9,Norwich United FC
b14b7f92,Nostell Miners Welfare FC
e4a775cb,Nottingham Forest FC
4ccbbd7c,Nottingham Forest FC U23
3cc6b990,Nottingham Forest FC Under-21's Squad and Academy
3b27de1f,Notts County FC
f82eb08f,Notts County Ladies FC
961db42e,Nuneaton Town FC
f8c28259,Oadby Town FC
12c2a35e,Oakwood FC
81403f32,Odd Down FC
7482e946,Okehampton Argyle
4a04a02b,Oldham Athletic AFC
4d069c8a,Oldland Abbotonians FC
d2ad9443,Ossett Albion AFC
a82665f2,Ossett Town FC
277eb60f,Ossett United FC
2a0a34ae,Oxford City FC
604617a2,Oxford United FC
94b54efe,Oxhey Jets FC
14123a80,Padiham FC
818ca8d9,Pagham FC
79ad7b88,Park View FC
a1acea0e,Parkgate FC
7599473c,Paulton Rovers FC
1d653bcf,Peacehaven & Telscombe FC
bf70ebdb,Pegasus Juniors FC
94e90942,Penistone Church FC
d051894c,Penrith FC
4088f2dd,Pershore Town FC
4d2f110f,Peterborough Northern Star FC
d60874ce,Peterborough Sports FC
d6e6321c,Peterborough United FC
3a318bd2,Petersfield Town FC
d1ebe199,Pewsey Vale FC
e4255a1f,Phoenix Sports FC
c5432bfb,Pickering Town FC
82917d99,Pilkington
9213190c,Pinchbeck United FC
32a1480e,Plymouth Argyle FC
5c88e4eb,Plymouth Parkway FC
ae7c0205,Pontefract Collieries FC
a11187d4,Poole Town FC
62657aa0,Port Vale FC
c899c248,Portishead Town FC
eafa354d,Portland United FC
76ffc013,Portsmouth FC
76dbcc9a,Potters Bar Town FC
8053a74e,Potton United FC
2bc597a8,Prescot Cables FC
22df8478,Preston North End FC
bc42dbff,Prestwich Heys AFC
4e6ac124,Punjab United FC
a757999c,Queens Park Rangers FC
0a10f621,Quorn FC
5e20c807,Racing Club Warwick FC
a8501422,Radcliffe Borough FC
a2eb01c0,Radford FC
8ff3d81b,Rainworth Miners Welfare FC
8505d703,Ramsbottom United FC
0f2ac378,Ramsgate FC
4ff072d8,Raunds Town FC
62ee4b5c,Rayners Lane FC
a1543700,Raynes Park Vale FC
a494124a,Reading City FC
b0ac61ff,Reading FC
740322cb,Reading FC U21
67909e74,Reading FC U23
5d020380,Reading FC Women
41ad6a2e,Real Bedford FC
b3676d44,Redbridge FC
a72c7b0b,Redcar Athletic FC
62c27386,Redditch United FC
4eaed6d4,Redhill FC
ddd4fbfd,Retford United FC
11fae372,Ringwood Town FC
73d6d7cf,Risborough Rangers FC
9596652a,Rocester FC
51e48db2,Rochdale AFC
12c830d6,Rochester United FC
2bb86a28,Roffey FC
62534f56,Roman Glass St George FC
6d0137c3,Romford FC
646753de,Romsey Town FC
94a16270,Romulus FC
1fde7c7d,Rossington Main FC
375d66f1,Rotherham United FC
c57ca9ff,Rothwell Corinthians FC
df2696aa,Royston Town FC
3721db54,Rugby Borough
c9040ce3,Rugby Town AFC
177c26fa,Runcorn Linnets FC
54a1cf5a,Runcorn Town FC
9d313acf,Rushall Olympic FC
26f3c471,Rushden & Diamonds FC
672f9c45,Rusthall FC
3c9f2c90,Ryhope Colliery Welfare FC
f8c56541,Rylands FC
bb4c43c0,Saffron Walden Town FC
4cefb8c7,Salford City FC
ea502769,Salisbury City FC
0385509d,Salisbury FC
e019b170,Saltash United FC
5bc5c30a,Saltdean United FC
d05b9a56,Sandbach United FC
b806685d,Sandhurst Town FC
4fc71cb6,Sawbridgeworth Town FC
b95111bb,SC Inkberrow FC
238e263d,Scarborough Athletic FC
3149e189,Scunthorpe United FC
3cab5bf0,Seaham Red Star FC
3e3c37ab,Selby Town FC
fa1823bd,Selsey FC
03fbe8a8,Selston FC
a1064ee6,Sevenoaks Town FC
103a8391,Shaftesbury FC
334ae512,Shaw Lane Aquaforce FC
94995345,Shawbury United FC
41aeb45a,Sheerwater FC
bc2a4a0d,Sheffield FC
1df6b87e,Sheffield United FC
bba7d733,Sheffield Wednesday FC
ad380662,Shefford Town & Campton FC
3eb8a1c9,Shelley Community FC
c6d5afe2,Sheppey & Sheerness United FC
9143fed5,Shepshed Dynamo FC
d723bdc0,Shepton Mallet FC
15a2486a,Sherborne Town FC
c10117d6,Sheringham FC
c1fe83df,Sherwood Colliery FC
42fa2b4a,Shifnal Town FC
59233365,Shildon AFC
b9bd8bc0,Shirebrook Town FC
7b3a21e4,Sholing FC
f1ca8e27,Shoreham FC
86c46965,Shortwood United FC
b435dbf5,Shrewsbury Town FC
c9c8c558,Shrivenham FC
57aa388d,Silsden FC
1b5aaa66,Sittingbourne FC
cf643a92,Skegness Town AFC
3556d37a,Skelmersdale United FC
bb43084e,Sleaford Town FC
1ff96ae5,Slimbridge FC
14e0df25,Slough Town FC
c4c44344,Snodland Town
3b54a4f4,Soham Town Rangers FC
9e85547f,Solihull Moors FC
ecb0351a,South Liverpool FC
b272b4b6,South Normanton Athletic FC
59b0aa9e,South Park FC
37ff0328,South Shields FC
683b71d8,Southall FC
33c895d4,Southampton FC
179c33c7,Southampton FC U21
ed54a8b3,Southampton FC U23
1d616d96,Southend Manor FC
2b9f86b0,Southend United FC
551328d6,Southport FC
9997d9c3,Spalding United FC
249ea7d5,Spelthorne Sports FC
e0521277,Spennymoor Town FC
15a78178,Sporting Bengal United FC
1b5fa461,Sporting Khalsa FC
e142dd79,Squires Gate FC
dfecd529,St Albans City FC
74432c0c,St Andrews FC
5f095b85,St Blazey AFC
47ed6b9e,St Helens Town AFC
f9f7568b,St Ives Town FC
c50b2ef4,St Neots Town FC
835780fa,St. Margaretsbury FC
6c7338c6,St. Panteleimon FC
f9c4cb51,Stafford Rangers FC
0ed698dc,Staines Town FC
fe0e252b,Stalybridge Celtic FC
3e0743ad,Stamford AFC
b441e777,Stansfeld O&BC FC
1c9242b4,Stansted FC
fb1591bd,Stanway Rovers FC
0535e90f,Staveley Miners Welfare FC
aca0450a,Stevenage FC
2c7f18b0,Steyning Town FC
c6ce4b54,Stockport County FC
8ee587af,Stockport Town
da844a1a,Stocksbridge Park Steels FC
f2d6b769,Stockton Town FC
17892952,Stoke City FC
11b97082,Stoke City FC U21
c85cd2da,Stoke City FC U23
2ce8f8f5,Stone Old Alleynians FC
c807ab11,Stotfold FC
b1dea8b9,Stourbridge FC
f1ef66fc,Stourport Swifts FC
f8c64351,Stowmarket Town FC
545b8a92,Stratford Town FC
02c5a520,Street FC
88b9c0e6,Studley FC
ffd57349,Sun Postal Sports FC
8ef52968,Sunderland AFC
5c4949e8,Sunderland AFC Ladies
70483169,Sunderland AFC U21
fff2fd6b,Sunderland AFC U23
aea3ecb9,Sunderland Ryhope Community Association FC
2b275f24,Sutton Athletic FC
9384d0a4,Sutton Coldfield Town FC
7ef53dcf,Sutton United FC
1d286764,Swaffham Town FC
fb10988f,Swansea City AFC
e4936888,Swansea City AFC U23
0f31d5f3,Swansea City Ladies FC
ed3b57a3,Swindon Supermarine FC
1b295b25,Swindon Town FC
885d3e68,Tadcaster Albion AFC
d1ac93bf,Tadley Calleva FC
06f4de43,Takeley FC
6711b681,Tamworth FC
3842cbd0,Taunton Town FC
ab9e500c,Tavistock AFC
24f2f3cc,Team Northumbria FC
52ea1ae3,Team Solent FC
000589ed,Teversal FC
05c0b0d4,Thackley FC
3bf9eea9,Thame Rangers FC
3fd10f76,Thame United FC
136b42b5,Thamesmead Town FC
8b0a9f67,Thatcham Town FC
a95ddbf0,Thetford Town FC
f4eb3e9b,Thornaby FC
1ff54516,Thornbury Town FC
a0263aa3,Three Bridges FC
65608010,Thurrock FC
1f535bea,Tilbury FC
3be23b97,Tiverton Town FC
c716a28c,Tividale FC
50b284c9,Tonbridge Angels FC
8871589e,Tooting & Mitcham United FC
e06606a6,Tooting Bec FC
be934956,Torpoint Athletic FC
02d8c2aa,Torquay United FC
3e6b6050,Torrington FC
361ca564,Tottenham Hotspur FC
411a29ac,Tottenham Hotspur FC U21
456c5e63,Tottenham Hotspur FC U23
e8e4577c,Tottenham Hotspur LFC
28fedcf7,Totton & Eling FC
498d9c4b,Tow Law Town FC
45ecbb46,Tower Hamlets FC
39260309,Trafford FC
22327064,Tranmere Rovers FC
4a5e33cc,Tring Athletic FC
6791c26a,Truro City FC
e489d347,Tuffley Rovers FC
f219726a,Tunbridge Wells FC
0bf5b5a2,United Services Portsmouth FC
a3d33f10,Uttoxeter Town FC
39b14bc5,Uxbridge FC
1782aadf,Vauxhall Motors FC
746055cb,VCD Athletic FC
00c22da5,Verwood Town FC
4c989f6a,Virginia Water FC
f88b67a6,Wallingford Town FC
d96bbc04,Walsall FC
fcc5601f,Walsall Wood FC
bce68537,Walsham-le-Willows FC
b0f2c259,Waltham Abbey FC
397656f5,Waltham Forest FC
f5d99ab5,Walton & Hersham FC
2c2e15c8,Walton Casuals FC
02c356ac,Wantage Town FC
fbec31be,Ware FC
03b4c4d2,Warminster Town FC
3e317057,Warrington Town FC
ba3008bb,Washington FC
2abfe087,Watford FC
6598bf6b,Wealdstone FC
82bda106,Wednesfield FC
84687b65,Welling Town FC
aea94879,Welling United FC
1bfb24c7,Wellingborough Town FC
4577c551,Wellingborough Whitworth FC
235a0bad,Wellington AFC
0300cee6,Wellington FC
3d1fb871,Wells City FC
58db3b05,Welton Rovers FC
16af3fc1,Welwyn Garden City FC
1529de6e,Wembley FC
cc3b8fb3,Wendron United FC
c36e8f44,West Allotment Celtic FC
9ec91479,West Auckland Town FC
f9f5e9f3,West Bridgford FC
60c6b05f,West Bromwich Albion FC
f1d886aa,West Bromwich Albion FC U21
30c24d2d,West Bromwich Albion FC U23
1525ad79,West Didsbury & Chorlton AFC
63831d15,West Essex FC
7c21e445,West Ham United FC
afa3c276,West Ham United FC U21
f56127be,West Ham United FC U23
52d65cea,West Ham United FC Women
7a97ce29,Westbury United FC
fdcb2b69,Westfield FC
84eeb440,Westfields FC
5b0b2bd7,Weston-super-Mare AFC
7605a6a1,Westside FC
6dc6688d,Weymouth FC
3dd03e79,Whickham FC
287d30c7,Whitby Town FC
c10a18e7,Whitchurch Alport FC
4d1b342a,Whitchurch United FC
06109125,White Ensign FC
65038f3e,Whitehawk FC
7b6d7d4b,Whitley Bay FC
47ab32b3,Whitstable Town FC
436f05df,Whitton United FC
0cb86048,Whyteleafe FC
637a268c,Wick & Barnham United FC
1d19434e,Widnes FC
e59ddc76,Wigan Athletic FC
3bf9b5e5,Willand Rovers FC
3679c494,Wimbledon FC
f3a2ba41,Wimborne Town FC
b1f18f58,Wincanton Town FC
82cfb72a,Winchester City FC
2b534fac,Windsor FC
32a87154,Wingate & Finchley FC
e90d6cd6,Winsford United FC
edd0e873,Winslow United FC
95161f9a,Winterton Rangers FC
e1b8d29b,Wisbech Town FC
4361d7f9,Witham Town FC
8a79714f,Witton Albion FC
9ee75fde,Wivenhoe Town FC
441530ba,Wodson Park FC
c30e88bc,Woking FC
e6bfe0e7,Wokingham & Emmbrook FC
b7d7d1f9,Wolverhampton Casuals FC
c708fffd,Wolverhampton Sporting C.F.C.
8cec06e1,Wolverhampton Wanderers FC
a8fbbb12,Wolverhampton Wanderers FC U21
79cadc09,Wolverhampton Wanderers FC U23
798d6e7a,Woodbridge Town FC
f034ffd5,Woodford Town FC
0a78c053,Woodley Town FC
9a02e66f,Wootton Bassett Town FC
526a6c40,Worcester City FC
317cf5a7,Worcester Raiders FC
ee7e1f51,Workington AFC
7ee8d7c2,Worksop Town FC
141901ee,Wormley Rovers FC
cc9afa4b,Worthing FC
41dae1df,Worthing United FC
dad7970b,Wrexham FC
d46965c7,Wroxham FC
43c2583e,Wycombe Wanderers FC
0772d8c3,Wythenshawe Amateurs FC
d6258730,Wythenshawe Town FC
dd903901,Yate Town FC
65f298d4,Yaxley FC
bd5179b9,Yeovil Town FC
a506e4a2,Yeovil Town LFC
e272e7a8,York City FC
66379800,Yorkshire Amateur AFC
7a54bb4f,AC Ajaccio
e95faa7f,AC Arles-Avignon
06c26259,AC Basse-Goulaine
475b29b6,AC Cambrai
75edd4df,AC Chapelain Foot
433dc32c,AC Paris 15
cf001bc5,AC Pouzauges Réaumur
9555a089,AC Seyssinet
c9ff0fe4,AF Bobigny
8fc9af77,AF Lozère
946f0eef,AF Virois
e20fb8d5,AFC Compiègne
6deb77ba,AFC Creil
9dcf2f81,AG Caennaise
d5501d62,AGL Drapeau Fougeres
22c09819,Aiglon du Lamentin
8bd1d0ff,Ailly sur Somme FC
f83ef755,Ain Sud Foot
5ae09109,AJ Auxerre
3f5bc7c0,AJ Petite-Île
6a5ea615,AJ Saint-Georges
6917ef41,Amiens AC
25622401,Amiens SC
a661d0a0,AMS Merpins
014e7411,Ancienne de Château-Gontier
69236f98,Angers SCO
dc1dd993,Angoulême CFC
c94d9135,Annecy FC
14a18add,Anstaing Chereng
47d5d984,APM Metz
d929fedb,Arras Football
4fa24c7e,AS Aix
e0fae827,AS Aixoise
4a0ff629,AS Beauvais Oise
fad74de7,AS Belfort Sud
9551340f,AS Béziers
2f20a6ab,AS Bourny-Laval
07209b8f,AS Bron Grand Lyon
3a4b7d88,AS Cagnes-Le Cros
69a82db6,AS Cannes
0da45149,AS Carrières Grésillons
322ab7ca,AS Chatou
2337bb5e,AS Cherbourg Football
765339f2,AS Clouange
f9f19a3e,AS de Montchat Lyon
961b1d24,AS Domératoise
5ed48002,AS Dragon
f855efb6,AS Dragon
d21391f1,AS Erstein
a66e428b,AS Étaples Football
5cefc9c1,AS Excelsior
8f401f0f,AS Fabrègues
2e098377,AS Frontignan AC
e231f1ed,AS Furiani-Agliani
f9aff6a2,AS Gamaches
02c07bb5,AS Gémenos
1b379b16,AS Ginglin-Cesson
5b30dbf6,AS Girancourt Dommartin
e9ae1367,AS Grâces
2d3f9f8f,AS Guereins Genouilleux
3fcf8bd6,AS Illzach Modenheim
16f96707,AS Jumeaux de Mzouazia
bdf0586a,AS La Châtaigneraie
3084b150,AS Lattes
1eac4fb9,AS Lavernose Lherm Mauzac
68fde26e,AS Loisirs de Kœtzingue
5910d619,AS Lössi
b8d4b9f8,AS Lyon-Duchère
6896cdd5,AS Magenta
54def196,AS Marck
672901b2,AS Maximoise
d334f4bd,AS Misérieux-Trévoux
fd6114db,AS Monaco FC
685324a1,AS Montferrand
d6ca45c4,AS Montlouis
ea40415a,AS Morhange
17e11d1b,AS Moulins
119ccdbb,AS Muret
0248ac2f,AS Mutzig
e88fc6e5,AS Nancy
6895421b,AS Nord Vignoble
5931d12b,AS Pagny-sur-Moselle
549484ec,AS Panazol
1bed76a3,AS Pays Neslois
d48e8557,AS Pirae
325d63c9,AS Plobannalec Lesconil
8106537c,AS Plomelin
6883bc02,AS Poissy
6f4d0e0b,AS Prix-lès-Mézières
3cfb33c2,AS Reding
f608167c,AS Ribeauvillé
97164fae,AS Rosador
c1a6475c,AS Saint-Étienne
d298ef2c,AS Saint-Étienne
8fd33f63,AS Saint-Ouen-l'Aumône
a15a3e67,AS Saint-Priest
5afeccf6,AS Savigneux Montbrison
a1cc6921,AS St Pantaleon
5deb1d8a,AS St-Just St-Rambert
9ce51fe8,AS Steenvoorde
0cc7e9fc,AS Sud Ardèche
477991c5,AS Sundhoffen
5dd32ef0,AS Tefana
13511a72,AS Tournefeuille
b5764402,AS Trouville-Deauville
bdea09e4,AS Val de Reuil-Vaudreuil-Poses
6dc6f493,AS Valence
d4c6c2dc,AS Vénus
3fdcac82,AS Vignoc Hédé Guipel
044b2813,AS Villers-Houlgate
4003a380,AS Vitré
0c72364a,AS Yzeure
0a03ba6d,ASC Biesheim
7cfc75a5,ASC Hazebrouck
28f6d783,ASC La Courneuve
da66dce9,ASC Le Geldar
5fe2af01,ASC Saint-Apollinaire
8d6b4f2b,ASF Andrézieux
689bb876,ASI Murs-Erigné
b54d31b3,ASJ Soyaux
57e4efaa,ASL Billère
acad13f6,ASM Belfort
8ca06aab,ASM Vénissieux
6cc0dd4e,ASP Thionville
17e6c5a1,ASPTT - CAEB Cholet
adf64e0d,ASPTT Albi
52a1b35a,ASPTT Brest
ccc9ee19,ASPTT Caen Football
c0bd9e21,ASPTT Dijon
19926992,ASPV Strasbourg
37872a79,ASU Grand-Santi
27aba251,Aubagne FC
0ade1cd8,Auch Football
a2ad2804,Aunis Avenir FC
3598eb43,Auray FC
4e9c7caf,Aurillac FCA
8e5a0e71,Avant Garde de Plouvorn
8012940b,Avenir de Theix
e19e38f9,Avenir Mourenxois
77021edb,Aviron Bayonnais FC
dbdb54ca,Avoine Olympique CC
845c9f99,Balma SC
d9061b4f,Beaune FC
62f836ba,Bergerac Foot
ee9d31e7,Berre SC
b2302a29,Besançon Football
62bda86a,Blagnac FC
ddbba88a,Blois Foot 41
f339f392,Borgo FC
724d8770,Bourg-en-Bresse Péronnas
7a26a834,Bourges 18
2d935efe,Bourges Foot
dadd8bab,Bourges Foot 18
7f5b7948,Bresse Jura Foot
fc1c07db,Bretigny Foot CS
28fd1f13,CA Bastia
943aa94a,CA Boulay
a5395f8d,CA Eperlecquois
2f8ccd4b,CA Meymacois
a396295a,CA Pontarlier
1c629a75,Calais Beau Marais
ceb29db2,Calais RUFC
9fc11ac2,Calonne-Ricouart FC Cité 6
83fd5273,Carnoux FC
95d79c28,CAS Escaudoeuvres
fc016951,Castelnau Le Crès FC
f3c0bf70,Cazaux Olympique
7de0e7ec,CE Palavas
eccc5069,CEP Lorient
4141f67d,Cergy-Pontoise FC
6cf1edac,CG Haubourdin
61d9850e,Chamois Niortais FC
fc5cd4a8,Champigny FC 94
97f67652,Chassieu Décines FC
0be0fa09,Chaumont FC
621b9848,Claye-Souilly SF
d9676424,Clermont Foot
c2431c60,Club athlétique de Vitry
4e4b608d,Club Colonial
aa13fd54,Club Franciscain
4eb023fd,Cluses-Scionzier FC
7a512320,CMS Oissel
a1bf53a2,CO Avallon
ae943665,CO Briochin
759d2c27,CO Les Ulis
1d98da18,CO Saint-Saturnin-Arche
5e0cc307,Cormontreuil FC
071320d0,COS Villers-Lès-Nancy
2b338108,Cosne USC Football
c63fddc1,Côte Chaude Sportif Saint-Ètienne
c56d61c3,CPB Bréquigny Foot
f90efe28,Croix Football Iris Club
99dddc73,CS Avion
4df07e8f,CS Betton
b009da4f,CS Blénod
1c5a1dd7,CS Chaumontois
410c7de5,CS Feytiat
d3bdd5ef,CS Homécourt
9c5e2b64,CS Louhans-Cuiseaux
84983cbd,CS Mainvilliers
24d3177f,CS Meaux Academy
6640d390,CS Moulien
5bbfdecc,CS Neuvillois
6fd47d29,CS Plédranais
e4e952b9,CS Sedan Ardennes
9a7f5e09,CS Volvic
563b1491,CSC Cayenne
c4fae78d,CSM Gennevilliers
9feaeb2a,CSO Amnéville
ff7706bc,Diables Noirs de Combani
68f9fd31,Dijon FCO
8dfb7350,Dijon FCO
0c1c166a,Dinan-Léhon FC
f14178b9,ÉDS Montluçon
149a2f71,EF Reims Sainte-Anne Chatillons
aed0c6fc,Eglantine Vierzon
fadff3c3,Elan de Gorges Football
abc4f6d7,En Avant de Guingamp
d41b5f53,En Avant de Guingamp
95fe5312,En Avant Saint-Renan
ec74ab7d,En Avante de St. Renen
a5871126,Entente Boé Bon Encontre F.
0dc3506a,Entente Centre Ornain FC
2ead7c0b,Entente Crest-Aouste
118497f4,Entente Itancourt-Neuville
2457a34c,Entente Saint-Clément-Montferrier
890efcaa,Entente SFC Falaise
2151f19e,Entente UGA Ardziv
8dda65c3,Ernéenne Foot
df321092,ES Anzin-Saint-Aubin
436e4c14,ES Aubance Brissac
2deb7262,ES Beaumont Saint-Cyr
58984120,ES Bonchamp
2b7e858a,ES Bully
7e3a857a,ES Cannet-Rocheville
d2d3631c,ES Chilly
2a10630f,ES Fosséenne
c5ff7e70,ES Gandrange
ec9aa446,ES Grau-du-Roi
6ddd6173,ES Guérétoise
9c783267,ES Heillecourt
ed23e9b8,ES La Rochelle
8b1f1ab1,ES Lambres-lez-Douai
e75a12cb,ES Molsheim Ernolsheim
b9288690,ES Nanterre
a0f3931c,ES Parisienne
41efb74f,ES Paulhan-Pézenas
934951d8,ES Tarentaise
89ff5424,ES Thaon
ac797ca0,ES Villerupt Thil
30b116fb,ES Viry-Châtillon
c67deffd,ES Wasquehal
21ad5aa2,ES Zacharienne
4fa2bb19,ESA Brive
6b355862,ESA Linas-Montlhéry
55e4f8f2,ESB Marboz
65888fdc,ESC Longueau
a9a75e6a,ESM Gonfreville
1e2b7388,ESM Hamel
30ca6b5e,ESOF La Roche-sur-Yon
d9abc188,Espérance Aulnay
b1a475b8,Espérance Chartres de Bretagne
17f5e100,Étoile Fréjus Saint-Raphaël
755da2d9,Étoile Maritime FC
f20de566,Etoile Naborienne Saint-Avold
8edf8646,Évreux FC
d4066387,FA Illkirch-Graffenstaden
15026c8a,FA Le Cendre
903c62ad,FA Morlaàs Est Béarn
1f2cc52a,FC 4 Rivières 70
04ec4e3f,FC 93
59d62656,FC Albères-Argelès
87df6232,FC Allobroges Asafia
72c2629a,FC Atlantique Vilaine
14413f24,FC Bassin d'Arcachon
97fb83f1,FC Bastia-Borgo
04ab9043,FC Biars Bretenoux
467cfa65,FC Bondues
fb1f3deb,FC Bords-de-Saône
b4461076,FC Bourgoin-Jallieu
f7fd9106,FC Bressuire
d3675a62,FC Challans
77828bf3,FC Chalon
732037ae,FC Chamalières
3c6b5320,FC Chambly
363bf2bc,FC Chaponnay-Marennes
d215eae7,FC Chartres
ecb514d5,FC Chartres
ffc21552,FC Chauray
34f0addd,FC Chusclan-Laudun-l'Ardoise
c9861678,FC Comtal
c841f9f3,FC Côte Bleue
2341d395,FC Cournon-d'Auvergne
e8b4d242,FC Dahlenheim
3b46215f,FC Dieppe
45e175c3,FC Dutemple
8e8751ce,FC Échirolles
f42c5b3a,FC Ecureuils Merignac-Arlac
0b23291d,FC Éloyes
ebfe0d03,FC Équeurdreville-Hainneville
32146a01,FC Espaly
5db0a486,FC Essartais
d0f01f06,FC Fief-Gesté
a38cda05,FC Flerien
da35c480,FC Fleury 91
4fcc2996,FC Fleury 91 Cœur d'Essonne
0fd70875,FC Foron
6710dee7,FC Freyming
8cef69d2,FC Geispolsheim 01
123f3efe,FC Girondins de Bordeaux
69dee2b0,FC Girondins de Bordeaux
05b6ca55,FC Gobelins
261e0a76,FC Grandvillars
5dca7789,FC Gueugnon
59ff3f83,FC Guichen
dfe2f7c9,FC Hégenheim
b14dcf80,FC Hettange-Grande
70f96e85,FC Istres
eeade362,FC Kronenbourg Strasbourg
44e4bc80,FC La Chapelle Montgermont
f3bff996,FC La Chapelle-des-Marais
cb34bdae,FC La Suze
5e0349e5,FC La Tour-Saint Clair
713422e7,FC Langlade
40561c65,FC Lescarien
eeda7c96,FC Liancourt Clermont
5dff8cb9,FC Lille-Sud
ecb276d9,FC Limonest Saint-Didier
a38d2964,FC Loon-Plage
d2c87802,FC Lorient
d6dbeb95,FC Lunéville
a4c10c82,FC Lyon
651f1a69,FC Mantes
dc59f6c1,FC Marcoussis NVB
ecaa1753,FC Marmande 47
82e8a66d,FC Martigues
5bdf4a70,FC Métropole Troyenne
736b66a6,FC Metz
f83960ae,FC Metz
3351802f,FC Montceau Bourgogne
0634559a,FC Morteau-Montlebon
dd9eb64c,FC Mtsapéré
20c344f6,FC Mulhouse
c03cdc6f,FC Nantes
d7a486cd,FC Nantes
a719394e,FC Nogentais
df633278,FC Nord 17
8279cc83,FC Nueillaubiers
12d2fe97,FC Obermodern
8700e66e,FC Ouest Tourangeau
7b56d5b5,FC Pays Argentonnais
6275f8ac,FC Petit-Bard Montpellier
1f130961,FC Plessis-Robinson
6e91da38,FC Pontcharra St. Loup
e80f03f6,FC Porto Portugais
7c647df9,FC Quarouble
074ea27c,FC Quimperlé
70e50a84,FC Raismes
94ad8384,FC Rhône Vallées 26.07
c23075e8,FC Riom
553448f3,FC Roche Saint Genest
9358358e,FC Rossfeld
deac08c7,FC Rouen
2b6be561,FC Rousse-Ste Victoire
29ba3f68,FC Saint Mihiel
29916c51,FC Saint-Cyr Collonges au Mont d'Or
514e8f93,FC Saint-Doulchard
bae466ef,FC Saint-Julien Petit Quevilly
5ea316dc,FC Saint-Lô Manche
07305f63,FC Saint-Louis Neuweg
06385030,FC Saint-Méziéry
257dd77a,FC Sarrebourg
990ac178,FC Saverne
8f6e9dea,FC Schweighouse-sur-Moder
87194a17,FC Seltz
78fb583e,FC Sens
872d9edd,FC Serquigny Nassandres
dbbbe167,FC Sète 34
e0484647,FC Seyssins
b9cd3c9a,FC Sochaux-Montbéliard
0af85f95,FC Soleil Bischheim
a18d0bb0,FC Still 1930
e70a6852,FC Tartas St-Yaguen
dd91669b,FC Trémery
01e58ed7,FC Val' Lyonnais
4fe67df5,FC Valdahon Vercel
df0ed7fa,FC Valdaine
15f20c97,FC Vallée de la Gresse
d6bf8893,FC Vaulx-en-Velin
47d0a8b1,FC Versailles
40624544,FC Verton
bb020d11,FC Veyle Saone
33382a12,FC Villefranche
f391a3cb,FCA Troyenne
e57af843,FCE Schirrhein
65d4f9f5,FCM Aubervilliers
f121a9f6,FCO Strasbourg Koenigshoffen 06
3e5be65a,FCSR Haguenau
980524a2,FCSR Obernai
2f47cbfa,Football Balagne Île Rousse
6ded3f6e,Football club de Saint-Médard-en-Jalles
801e28af,Football Club de Vesoul
956de229,Football Club Libourne
bbe7f187,Football en Mont-Pilat
70e13217,FR Saint Marcel
4e9c456e,FU Narbonne
cdf22ccc,Gallia Club Lucciana
73905dde,Gazélec Ajaccio
a8baaba4,Genêts Anglet
d607afc4,GFA Rumilly Vallières
2002cccc,Golden Star
a36a81ff,GPSO 92 Issy
eb752497,Grand Calais Pascal FC
1ac178ac,Grand-Quevilly FC
40aa7280,Grenoble Foot 38
5282d1ee,GS Consolat
44bd3c91,GSI Pontivy
edbce087,Guipavas GDR
815ac9e3,Hauts Lyonnais
66fb843a,Havre Caucriauville S.
2923cad2,Hienghène Sport
a0dfd307,Houilles AC
673eb768,Hyères FC
a1bb1466,J3S Amilly
abd3415b,JA Armentières
226f57ff,JA Biarritz
46c5732c,JA Drancy
68bc24d3,JA Isle
350a27ba,Jarville JF
1ad3bd9b,Jeunesse Evolution
a489e55a,Jeunesse Villenavaise
d73494b2,JS Chemin Bas d'Avignon
a25fbf90,JS Coulaines
10722df2,JS Douvres
07bb3d02,JS Saint-Pierroise
68bf70d1,JS Sireuil
c803ea89,JS St. Jean Beaulieu
3725d4ce,JS Vieux-Habitants
11839f67,JSC Bellevue Nantes
5498a6ec,Jura Dolois Foot
3df0eb96,Jura Sud Lavans
ceeb5465,L'Entente SSG
06061885,L'Esperance de Saint-Dizier
ce172095,L'Etoile de Morne-à-l'Eau
1b719877,L'Union Saint Jean FC
4299aa91,La Brède FC
9182296c,La Flèche RC
7db85c63,La France d'Aizenay
064ce3d8,La Roche VF
8e82c072,Langon FC
6baa4773,Lannion FC
43d17b20,LB Châteauroux
c0ef3731,LC Bretteville-sur-Odon
17baf5f4,Le Blanc-Mesnil SF
5c2737db,Le Havre AC
c57b7254,Le Havre AC
cd5d7aa6,Le Mans FC
2a0ed286,Le Mée-sur-Seine SF
67256fb4,Le Puy Foot 43
8ac4a7d3,Le Touquet Athletic Club
0c145733,Lempdes SF
3196586b,Les Herbiers VF
a89bd640,Les Jeunes d'Argentré
b6a43cb1,Lille OS Fives
6f14046a,Lille OSC
cb188c0c,Lille OSC
60277282,Limens JSA
69c8e5a9,Limoges FC
57b9c01c,Luc-Primaube FC
e5b381b8,Luzenac AP
a9bf77e5,Maladrerie OS
c4f07b53,Mareuil SC
d255322a,Marssac Rivières Sénouillac
222292c8,Melun FC
c0459244,Mons AC
574c10c9,Montauban FC Tarn et Garonne
b01babf0,Montdidier AC
281b0e73,Montpellier HSC
7bbdea71,Montpellier HSC
6e65ebe0,Monts d'Or Azergues Foot
bee286ac,MOS-3 Rivières FC
5d3d3c6c,NDC Angers
16058c00,Neuilly-sur-Marne SFC
1cbf5f9e,Nîmes Olympique
b7faea19,Noisy-le-Grand FC
ca43de55,OC Cesson
4c4891aa,OC Perpignan
132ebc33,OGC Nice
9e7203c6,Olympique Adamois
49cf900f,Olympique Alès
5725cc7b,Olympique de Marseille
d22c6f60,Olympique de Marseille
c123d3e2,Olympique Grande-Synthe
463e4c8f,Olympique Lumbrois
d53c0b06,Olympique Lyonnais
7f2012ad,Olympique Lyonnais Féminin
55002f83,Olympique Marcquois Football
19b9ea15,Olympique Noisy-le-Sec
3870f606,Olympique Pavillais
8268891b,Olympique Saint Marcellin
cddd0f18,Olympique Saint-Quentin
8e13e62e,Olympique Saumur FC
f182374a,Olympique Strasbourg
c5e50ed7,Onet-le-Château Football
1e03b288,Orvault Sports Football
52cc4930,OS Aire-sur-la-Lys
2a0a0536,OT St Liguare Niort
83b8c5c9,Pamandzi SC
056a5a75,Paris FC
28d9b675,Paris FC
e2d8892c,Paris Saint-Germain FC
80595417,Paris Saint-Germain Féminines
e5b6b0c1,Pau FC
8105cd9b,PD Ergué-Gabéric
eef68dd6,Perpignan Canet FC
4f0be5d0,Plancoët-Arguenon FC
2f867ab2,Ploufragan FC
10a1690a,Plougastel FC
bede89a5,Plouzané ACF
e2ba16b0,Podensac FC des Graves
cd6bc444,Poitiers FC
f463d7c8,Racing Besançon
c910d41e,RC Calais
d8a93eb9,RC Champigneulles
bff54d7c,RC Clermont
6c3eaf11,RC Doullens
5e9ded61,RC Épernay Champagne
c4481dff,RC Grasse
c03d8fa1,RC Labourse
fd4e0f7d,RC Lens
4fbfc68e,RC Lons le Saunier
8d2317b2,RC Rannée-La Guerche-Drouges
30ab494c,RC Roubaix
7dcdb752,RC Salouël
3de8e0f6,RC Strasbourg Alsace
c0d3eab4,RC Strasbourg Alsace
86d32f5d,RC Vichy
97e50519,RCFF Colombes 92
1b2fb5e6,RCO Agde
e93ec908,RCS La Chapelle
e83d13db,Red Star FC
e9590219,Roannais Foot 42
700c41b4,Rodez AF
9130bd3b,Rodez AF
f94b398a,Rostrenen FC
ab63a7a5,RS Magny
82e26422,Ruffiac Malestroit Foot
cfa67258,SA Le Quesnoy
cd4a4fe5,SA Mérignac
42b548e4,SA Sézanne
39ca03d8,SA Thiers
277cdbe7,Sablé FC
4bbb2ec2,SAG Cestas
f1356630,Saint-Amand FC
72f1a332,Saint-Aubin Guérande
5798e5b9,Saint-Brice FC
f35581a8,Saint-Colomban Locminé
38465c36,Saint-Denis US
3507dc8d,Saint-Michel FC 91
177cf661,Saint-Orens FC
e5b472a1,Saint-Pierre Milizac
e233bdc0,Saint-Pryve Saint-Hilaire FC
fdb457fa,Sainte-Geneviève Sports
3de4dff9,Sainte-Savine Rivière-de-Corps
00a535a2,Samaritaine
e3234f23,Sarreguemines FC
29f5eff9,SAS Épinal
c42b00f3,Sauveteurs Brivois
b6c2f7cc,SC Anduzien
fd1b3977,SC Bailleulois
6283be2c,SC Bastia
d966e8d5,SC Bocognano Gravona
d84df5ff,SC Clémenceau Besançon
4d042521,SC Dinsheim
c5e3eafe,SC Douai
7089fcae,SC Ebersheim
b06a1679,SC Feignies
ef26825d,SC Feignies
92da0d7d,SC Hazebrouck
096025fd,SC Hérouville-Saint-Clair
a1711190,SC Le Rheu
982d7dda,SC Marnaval
0fbf559f,SC Schiltigheim
1c113f3c,SC Selongey
d5eb3384,SC Toulon
c77d724d,Séméac Olympique Football
916149cf,Séné FC
011245be,SO Chambéry Foot
c3e5442f,SO Châtellerault
26a912c9,SO Cholet
e6255587,SO Romorantin
84211a08,Solidarité Scolaire
ceb29fd4,Squadra VARR
dc17fded,SR Colmar
f52b1479,SR Kaysersberg
a7b02b1e,SR Saint-Dié
a29a6d19,SS Jeanne d'Arc
d434c542,SS Saint-Louisienne
44e34781,SSEP Hombourg-Haut
81f60c85,St Philbert Reorthe
c888367c,Stade Balarucois
efab6f24,Stade Beaucairois
9d88064b,Stade Béthunois FC
4f1b1e98,Stade Bordelais
fb08dbb3,Stade Brestois 29
f3522e08,Stade Briochin
7fdd64e0,Stade de Reims
e3696882,Stade de Reims
66cc304a,Stade Lavallois
7c5f1859,Stade Le Portel
74229020,Stade Malherbe Caen
d5c52f8e,Stade Mayennais FC
1c49bc64,Stade Montois
3ac58f89,Stade Nazairien AF
41247cac,Stade Paimpolais FC
786155b2,Stade Plabennecois
7c327694,Stade Pontivyen
b3072e00,Stade Rennais FC
8d497560,Stade Ygossais
2eafca3b,Stella Maris Douarnenez
64b0854d,SU Dives
35727fba,Sud Nivernais Imphy Decize
da8d9837,TA Rennes
bb417eba,Tarbes Pyrénées Football
633fbb6e,Thonon Evian Grand Geneva FC
773a9b0d,Thouars Foot 79
3f8c4b5f,Toulouse FC
2c916028,Toulouse Métropole FC
d692d73b,Toulouse Rodéo FC
e17e3b40,Toulouse Saint Joseph FC
c96d05af,Tours FC
7f608a0a,Trélissac FC
54195385,Troyes AC
fe5528c7,TVEC Les Sables-d'Olonne
8727cbe6,UA Niort St Florent
6e2d0f72,UF Belleville Saint-Jean D'Ardière
b45f9287,UF Mâcon
6d6dcfdd,UJA Maccabi Paris Métropole
ed2969b4,UL Plantières Metz
c2850b88,UL Rombas
bac5a014,UMSF Montélimar
0029d052,Union Saint-Estève Esp.Perpignan MM
b7109505,US Alençon
1e2ef6be,US Annecy-le-Vieux
a5115bfb,US Avize-Grauves
2293229f,US Avranches
b7c146c0,US Blavozy
ddcbd265,US Blériot-Plage
aa16cc5d,US Bolbec
98973a5c,US Boulogne
b42ebeee,US Camon
178f01b1,US Castanet
5e944c4c,US Changé
b0b9782c,US Chantilly
195546c7,US Charitoise Football
875d1eac,US Châteaugiron
b43cc5bd,US Chauny
e7d30434,US Chauvigny
6072ca11,US Cheminots Paray
41c86fd6,US Choisy-au-Bac
121dcdda,US Colomiers Football
4d987358,US Concarneau
7b576c8b,US Crépy-en-Valois
8c78c63b,US Créteil-Lusitanos
4c748be5,US Escaudain Football
a4866f04,US Esquelbecq
50337c22,US Feillens
10853cf5,US Feurs
bf0a4852,US Forbach
159f23e2,US Gieroise
5d0bc197,US Granville
a70e4fff,US Gravelines Foot
992b10e0,US Ittenheim
7624981f,US La Baule - Le Pouliguen
565ae847,US La Gacilly
4856f563,US Laon
7ed5186d,US Le Pays du Valois
b16b6f8f,US Lège-Cap-Ferret
a8c2836f,US Lesquin
0bed5d02,US Liffré
e6f31b38,US Lillebonne
76174677,US Lormont
95d038b3,US Lusitanos de Saint-Maur
6b66b09e,US Macouria
c29fb6f0,US Marignane
26d18deb,US Marseille Endoume
204cd7e7,US Matoury
c67e834f,US Maubeuge
b0720977,US Mineurs de Waziers
61193ee7,US Monnaie
e2f6ddd0,US Montagnarde
e474ed57,US Mozac
32ae5aa8,US Noeux-les-Mines
21793e71,US Nogent
ffa2218a,US Nousseviller
b9bc39f0,US Noyelles-sous-Lens
897890de,US Oberlauterbach-Eberbach
d60ff0db,US Oberschaeffolsheim
48dd5b1b,US Orléans
e0be2f05,US Pays de Cassel
2bef96ba,US Perros-Louannec
25aa43e7,US Pont Sainte-Maxence
3bb59bed,US Provin
34e7850d,US Quevilly-Rouen Métropole
db9f975e,US Raon-l'Étape
60c910f8,US Reipertswiller
832b5626,US Revel
c9678f6c,US Roye-Noyon
5839618e,US Rungis
27840bc2,US Saint Galmier Chamboeuf
66579888,US Saint-Berthevin Football
e272aa30,US Saint-Grégorienne F 35
040e70e5,US Saint-Malo
0d49cda3,US Saint-Maximin
36acd614,US Saint-Omer
4c629304,US Saint-Sernin-du-Bois
e927ded0,US Sainte-Marienne
ca76324a,US Salinière Aigues-Mortes
2ec629d8,US Sanfloraine Saint-Flour
3ac615e7,US Sarre-Union
5c720efb,US Sénart-Moissy
38f2ba19,US Sinnamary
f01b6651,US St. Sauveur
8591dfb6,US Téteghem
b970b500,US Thionville Lusitanos
6fa43892,US Torcy-Paris Vallée de la Marne
0b7f9005,US Tourcoing FC
e33635c6,US Trégunc
e155ce69,US Vandoeuvre
c9a20d40,US Vic Le Comte
197ef154,US Villejuif
8a3d84bf,US Vimy
9a526aa9,USC Corte
ce12cdbb,USE Couzeix-Chaptelat
725c1caa,USJA Carquefou
1740a29b,USL Dunkerque
80bfb060,USM Saran
bdfa5bda,USM Senlis
dfbc46d5,USON Mondeville
39981dae,USPF Saint-Philbert-de-Grand-Lieu
91e68ea5,USSA Vertou
4104312d,USSM Loos-en-Gohelle
41dff222,Valence FC
259d3345,Valenciennes FC
52807106,Vannes OC
73c7428b,Velay FC
5f56a9a6,Vendée Fontenay Foot
7150bd35,Vendée Luçon Football
2b4a0e5e,Vendée Poiré-sur-Vie Football
fc2d8fd5,Vierzon Foot 18
3dc1ffe5,Villemomble Sports
c78ae282,Villeneuve-d'Ascq Métropole
8acf845e,Voltigeurs de Châteaubriant
12bdcd41,Ytrac Foot
e3e8ec55,Yvetot AC
cf1eed21,1. CfR Pforzheim
d135e533,1. FC Düren
75515a4a,1. FC Germania Egestorf/Langreder
18d9d2a7,1. FC Heidenheim
6569155a,1. FC Heidenheim U17
c0cb86fe,1. FC Heidenheim U19
74c507da,1. FC Kaan-Marienborn 07
73a27a73,1. FC Kaiserslautern
f5369b66,1. FC Kaiserslautern U17
b58231eb,1. FC Kaiserslautern U19
bc357bf7,1. FC Köln
88ddc98e,1. FC Köln Frauen
5b499073,1. FC Köln U17
7978e9a3,1. FC Köln U19
743a93f0,1. FC Lok Stendal
473affe3,1. FC Lokomotive Leipzig
e18a73da,1. FC Magdeburg
0d59f5f5,1. FC Magdeburg U17
ebf5a2a9,1. FC Magdeburg U19
5fa36836,1. FC Mönchengladbach
89b05c5a,1. FC Mönchengladbach U17
d127e5eb,1. FC Mönchengladbach U19
dfc25351,1. FC Neubrandenburg 04
6f2c108c,1. FC Nürnberg
b6d83168,1. FC Nürnberg
8724a375,1. FC Nürnberg U17
6ed99f94,1. FC Nürnberg U19
fbed2cf7,1. FC Phönix Lübeck
16ed9176,1. FC Riegelsberg
01f618d1,1. FC Rielasingen-Arlen
7af2ec06,1. FC Saarbrücken
eb4b278c,1. FC Saarbrücken
fe7445dc,1. FC Saarbrücken U17
13ecb521,1. FC Saarbrücken U19
c4375806,1. FC Schweinfurt 05
6b7daba4,1. FC Schweinfurt 05 U19
31429172,1. FC Union Berlin
7a41008f,1. FC Union Berlin
50e620c4,1. FC Union Berlin U17
5f618561,1. FC Union Berlin U19
d60ee088,1. FFC 08 Niederkirchen
de550500,1. FFC Turbine Potsdam
66060a29,1. FFV Erfurt
31a2fa8b,1. FSV Mainz 05
a224b06a,1. FSV Mainz 05
fd7718b7,1. FSV Mainz 05 II
35596f77,1. FSV Mainz 05 U17
ce4c058d,1. FSV Mainz 05 U19
3659060d,Alemannia Aachen
fc4124c9,Alemannia Aachen U17
0a2bc34c,Alemannia Aachen U19
93ea79dc,ATS Buntentor
a4134f68,Bahlinger SC
c6d4860a,Bayer 04 Leverkusen
c7a9f859,Bayer 04 Leverkusen
45a67fe8,Bayer 04 Leverkusen U17
ecf53eea,Bayer 04 Leverkusen U19
e8feefff,Berliner AK U19
1bfc385f,Berliner FC Dynamo
f6b80d0f,BFC Preussen
914123ac,Blau-Weiß Lohne
f7ae58e6,Blumenthaler SV U17
4aafa4ac,Blumenthaler SV U19
d6d0a4e1,Bonner SC
0de3f4f7,Bonner SC U19
add600ae,Borussia Dortmund
40347053,Borussia Dortmund II
6c254a38,Borussia Dortmund U17
d943111d,Borussia Dortmund U19
32f3ee20,Borussia Mönchengladbach
cbefe26c,Borussia Mönchengladbach
50eaaf29,Borussia Mönchengladbach U17
df6f068b,Borussia Mönchengladbach U19
d2727b1d,Bremer SV
eb36bfaf,BSC Hastedt
ab817d18,BSG Chemie Leipzig
446a1132,BSV Grün-Weiss Neukölln
b6502c90,BSV Schwarz-Weiß Rehden
7ee8b384,BV Borussia Bocholt
a770626b,BV Cloppenburg
707b3614,Chemnitzer FC
e663fbcf,Chemnitzer FC
e76a63dd,Chemnitzer FC U17
fc4bf6b5,Chemnitzer FC U19
64ee4f5e,DJK Arminia Klosterhardt U19
9aadc852,DJK Wacker Mecklenbeck
247c4b67,DSC Arminia Bielefeld
62838af6,DSC Arminia Bielefeld
b76f6237,DSC Arminia Bielefeld U17
6d14c1f7,DSC Arminia Bielefeld U19
ac36c181,Dynamo Dresden
4e32ce87,Dynamo Dresden U17
e7f2df64,Dynamo Dresden U19
3456e272,Eimsbütteler TV
4b8fcb92,Eimsbütteler TV U17
f714f931,Eimsbütteler TV U19
8107958d,Eintracht Braunschweig
eec82247,Eintracht Braunschweig
b2a8da6b,Eintracht Braunschweig U17
f1161405,Eintracht Braunschweig U19
97b7c0e8,Eintracht Frankfurt
f0ac8ee6,Eintracht Frankfurt
34640cc6,Eintracht Frankfurt U17
7cc68edf,Eintracht Frankfurt U19
77d2e598,Eintracht Frankfurt Women
9fffce82,Eintracht Norderstedt U19
3da48493,ESV Lok Meiningen
c2f2681a,ESV Rot-Weiß Göttingen
89a86c55,FC 08 Homburg
f554f7de,FC 08 Villingen
7d5a4a78,FC Astoria Walldorf
ebd10173,FC Astoria Walldorf U17
402b13ac,FC Astoria Walldorf U19
0cdc4311,FC Augsburg
bf9fcad9,FC Augsburg U17
41d91186,FC Augsburg U19
054efa67,FC Bayern Munich
9133b975,FC Bayern Munich II
8b10a09d,FC Bayern Munich U17
a4a1c462,FC Bayern Munich U19
51ec22be,FC Bayern Munich Women
b49d1b16,FC Carl Zeiss Jena
a55b20b2,FC Carl Zeiss Jena U17
3c042330,FC Carl Zeiss Jena U19
d1f3e535,FC Carl-Zeiss Jena
96deb700,FC Einheit Wernigerode
b404f71e,FC Eintracht Norderstedt 03
7675ab36,FC Energie Cottbus
aa20a5e5,FC Energie Cottbus U17
263c3bad,FC Energie Cottbus U19
6724656e,FC Erzgebirge Aue
3dc19065,FC Erzgebirge Aue U17
556f6f83,FC Erzgebirge Aue U19
d9647eb7,FC Forstern
9d24af26,FC Gütersloh 2000
319fac72,FC Hansa Rostock
bc31a6e4,FC Hansa Rostock
77bbd37d,FC Hansa Rostock U17
9e2f1945,FC Hansa Rostock U19
2472c01b,FC Hennef U17
5f47bf39,FC Hertha Zehlendorf
abb11ef1,FC Hertha Zehlendorf U17
78baef45,FC Hertha Zehlendorf U19
12eb2039,FC Ingolstadt
5c9a9164,FC Ingolstadt
391bc1a3,FC Ingolstadt U17
32f8bc7d,FC Ingolstadt U19
f520dfc3,FC Nöttingen
8e55bf2c,FC Oberneuland
69314085,FC Pfeil Broistedt
5d44002b,FC Phoenix Leipzig
93c4ce7b,FC Rot-Weiß Erfurt
a415edfb,FC Rot-Weiß Erfurt U17
3b10a9c7,FC Rot-Weiß Erfurt U19
c539e393,FC Schalke 04
04bf3c00,FC Schalke 04 U17
01ef4cf1,FC Schalke 04 U19
54864664,FC St Pauli
cc76c82b,FC St Pauli
d9dd39c9,FC St Pauli U17
22c72f0b,FC St Pauli U19
e868c629,FC Stahl Brandenburg
4c4e92f8,FC Teutonia Ottensen
05deef93,FC Viktoria Berlin
9b243fd2,FC Viktoria Berlin
0d88491f,FC Viktoria Berlin U17
15c4c0d2,FC Viktoria Berlin U19
827a03db,FC Viktoria Köln
b864db53,FC Viktoria Köln U17
299dbac7,FC Viktoria Köln U19
7a5a4dc7,FC Würzburger Kickers
765472c9,FF USV Jena
5f733e4f,FFC Wacker München
87ebdc12,FK Pirmasens
b1278397,Fortuna Düsseldorf
5d67715c,Fortuna Düsseldorf U17
e2bede9e,Fortuna Düsseldorf U19
4632a4d2,FSV Babelsberg 74
63330a03,FSV Frankfurt
1bb24232,FSV Frankfurt U17
ded6a438,FSV Frankfurt U19
aafa94d7,FSV Gütersloh 2009
37c5bcba,FSV Hessen Wetzlar
b61af4c7,FSV Optik Rathenow
0005114f,FSV Salmrohr
7d268aa1,FSV Union Fürstenwalde
4c65082c,FSV Wacker 90 Nordhausen
e0279c6f,FSV Zwickau
e3ac2a08,FT Braunschweig
4c5db2b8,FV 09 Nürtingen
2386405d,FV Engers 07
d2bbc6d8,FV Illertissen
cea3fb28,FV Ravensburg
c12cc630,Greifswalder SV 04
d69d0df7,Hallescher FC
3693fee3,Hallescher FC U17
8a7552cd,Hallescher FC U19
26790c6a,Hamburger SV
623bb13e,Hamburger SV
d84fbee9,Hamburger SV U17
e5460de3,Hamburger SV U19
03ddc91c,Hannover 96
60b5e41f,Hannover 96
df7c9b00,Hannover 96 II
651b3d20,Hannover 96 U17
0b55fe1b,Hannover 96 U19
95f1aac7,Hegauer FV
8c981b0f,Hennef U19
2818f8bc,Hertha BSC
6c399fc9,Hertha BSC
81d83299,Hertha BSC U17
b7f03da0,Hertha BSC U19
df07b3e5,Hombrucher SV U17
9fef2a00,HSG Warnemünde
76073277,HSV Barmbek-Uhlenhorst
ea3d42b8,HSV Langenfeld
25094686,JFV Nordwest U19
29954f00,Karlsruher SC
33ba9d7b,Karlsruher SC
2640d362,Karlsruher SC U17
c880e925,Karlsruher SC U19
08610664,KFC Uerdingen 05
cda2e192,Kickers Offenbach
e926e118,Kickers Offenbach
63b23f2d,Kickers Offenbach U17
a63dd24b,Kickers Offenbach U19
b9aa3fce,Kieler MTV
627f4ffc,KSV Baunatal
557fd964,KSV Hessen Kassel
45796d73,KSV Hessen Kassel U19
2ac661d9,KSV Holstein
dcef9a01,KSV Holstein
70f446ce,KSV Holstein U17
90537983,KSV Holstein U19
e28a40ad,Leher TS
9a9e0c9d,Lüneburger SK Hansa
d3bb6f17,Magdeburger FFC
0580d9a9,MSV Duisburg
bbfd364f,MSV Duisburg
05ebd479,MSV Duisburg U17
6eda181d,MSV Duisburg U19
437e6a6e,MTV Eintracht Celle
d1f12614,Niendorfer TSV U17
4bc14514,Niendorfer TSV U19
9224f982,RB Leipzig
acbb6a5b,RB Leipzig
a4988f5e,RB Leipzig U17
e850256c,RB Leipzig U19
0be01f38,Rostocker FC 1895
9cfbc3a9,Rot Weiss Ahlen
3b02e2ed,Rot-Weiß Walldorf U19
28147f65,Rot-Weiss Essen
598306fb,Rot-Weiss Essen U17
12062e3e,Rot-Weiss Essen U19
f0a9fb0c,RSV Meinerzhagen
c75e94e2,Saalfeld Titans
fc56efc1,SC 13 Bad Neuenahr
02af48fc,SC Borgfeld U17
6e479b8a,SC Fortuna Köln
b39df29f,SC Fortuna Köln
61ca3714,SC Fortuna Köln U17
03e29091,SC Fortuna Köln U19
a486e511,SC Freiburg
b4de690d,SC Freiburg
01c7a449,SC Freiburg II
32dd63ea,SC Freiburg U17
3755f67e,SC Freiburg U19
3e994daf,SC Hauenstein
3a516806,SC Opel Rüsselsheim
d9f93f02,SC Paderborn 07
6df34a06,SC Paderborn 07 U17
d9f72365,SC Paderborn 07 U19
bbcef8c7,SC Preußen Münster
9d619fa8,SC Preußen Münster U17
21499441,SC Preußen Münster U19
9340e7a9,SC Rot-Weiß Oberhausen
519eb162,SC Rot-Weiß Oberhausen U17
23ced855,SC Rot-Weiß Oberhausen U19
0cc34cf4,SC Sand
b5645dea,SC Siegelbach
131bc303,SC Verl
d8495be3,SC Verl U19
b979b61c,SC Weiche Flensburg 08
ef1802ee,SC Wiedenbrück 2000
f3e25bd5,SFC Stern
62006b94,SG 99 Andernach
a5e62940,SG Sonnenhof Großaspach
c7038b7d,SG Unterrath U17
6f7db76a,SG Wattenscheid
becc1dd0,SGS Essen
cf68b22f,Sportfreunde Dorfmerkingen
1573023f,Sportfreunde Lotte
405a2854,Sportfreunde Siegen
d5169ceb,Sportfreunde Siegen
07473434,Sportfreunde Siegen U17
3769ccae,Sportfreunde Siegen U19
b4b4ac38,SpVg Berghofen
65d9c04a,SpVgg Bayreuth
92a059ee,SpVgg Germania 1929 Ebing
12192a4c,SpVgg Greuther Fürth
7880a87b,SpVgg Greuther Fürth U17
5af9af80,SpVgg Greuther Fürth U19
46c46f2d,SpVgg Herne-Horsthausen
ba68a0c5,SpVgg Unterhaching
c1893176,SpVgg Unterhaching U17
ec68d97a,SpVgg Unterhaching U19
5cb328f2,SSV Jahn Regensburg
ef0e9ae7,SSV Jahn Regensburg U17
5a44b7ad,SSV Jahn Regensburg U19
8f440eed,SSV Jeddeloh
9cc4f801,SSV Reutlingen
5f88d257,SSV Reutlingen U17
863ae22c,SSV Reutlingen U19
41e623ca,SSV Rhade
291257b3,SSV Ulm 1846
d59864e1,SSV Ulm 1846 U17
ce50e2f4,SSV Ulm 1846 U19
12f3ced6,SV 1919 Ober-Olm
5bf4fa86,SV 67 Weinberg
4cef4165,SV Alberweiler
eca78ff6,SV Alemannia Waldalgesheim
b4043eb2,SV Atlas Delmenhorst
e28cb2a4,SV Babelsberg 03
25a5a942,SV Babelsberg 03 U19
b6a809d8,SV Budberg
6a6967fc,SV Darmstadt 98
61fca1ee,SV Darmstadt 98 U17
e3ab73b4,SV Darmstadt 98 U19
a761dc78,SV Deutz U17
a6882ace,SV Drochtersen/Assel
5ac21fc8,SV Eichede
1dfedc53,SV Eintracht Leipzig-Süd
041d5c51,SV Eintracht Trier
bb21bb34,SV Eintracht Trier U19
fe686760,SV Elversberg
19661cac,SV Elversberg U17
15d76275,SV Elversberg U19
eace0728,SV Gonsenheim U19
ad5c423d,SV Göttelborn
41bc535a,SV Gottenheim
9e57b0eb,SV Grün-Weiß Brieselang
e14d6baf,SV Hegnach
d9fce594,SV Henstedt-Ulzburg
11a6ae86,SV Holzbach
2cca410b,SV Linx
13b971df,SV Lippstadt U17
4ed1418c,SV Meppen
93e94415,SV Meppen
27aed541,SV Meppen U17
f671e559,SV Meppen U19
59f8532f,SV Morlautern
3ea7a4b6,SV Oberachern
f7b1bcce,SV Rödinghausen
4a929269,SV Rödinghausen U19
c241ee1a,SV Sandhausen
f5337a87,SV Sandhausen U17
a95021a0,SV Sandhausen U19
171d2a88,SV Straelen
ee8f53af,SV Stuttgarter Kickers
f73b15cf,SV Stuttgarter Kickers U17
b638db7a,SV Stuttgarter Kickers U19
bc454d16,SV Todesfelde
49f46afd,SV Türkgücü-Ataspor München
23b6ce6c,SV Viktoria Waldenrath-Straeten
3ec823ca,SV Wacker Burghausen
151d706e,SV Waldhof Mannheim
970d530a,SV Waldhof Mannheim U17
d38e4870,SV Waldkirch
432f2430,SV Wehen Wiesbaden
ce01ae4e,SV Wehen Wiesbaden U17
d45eb7dc,SV Wehen Wiesbaden U19
62add3bf,SV Werder Bremen
7adbf480,SV Werder Bremen
27020d71,SV Werder Bremen II
454cd859,SV Werder Bremen U17
9811e0ce,SV Werder Bremen U19
ffc956ac,Tennis Borussia Berlin U17
033ea6b8,TSG 1899 Hoffenheim
87705c62,TSG 1899 Hoffenheim Frauen
6de8c4a5,TSG 1899 Hoffenheim U17
0d978394,TSG 1899 Hoffenheim U19
9b6724e1,TSG Balingen
2ce5b5d5,TSG Lütter
2dde87f1,TSG Neustrelitz
f858aad6,TSG Sprockhövel U19
2fbdf057,TSV 1860 München
94c74217,TSV 1860 München U17
e16a2df0,TSV 1860 München U19
e651cc3f,TSV Barmke
1fba6178,TSV Havelse
87fba45f,TSV Havelse U19
bfcdd763,TSV Jahn Calden
e4517831,TSV Meerbusch U19
f62815d7,TSV Schott Mainz
2f523be2,TSV SCHOTT Mainz U19
e17dbcf6,TSV Steinbach
fa0b0fe5,Türkiyemspor Berlin
d1c02208,TuS Bersenbrück
4cb3a7df,TuS Dassendorf
c6ed9aad,TuS Erndtebrück
ebb5acf6,TuS Immendorf
040dd7ca,TuS Issel
b90ae239,TuS Koblenz
041b79e7,TuS Königsdorf U19
3601be0b,TuS Makkabi Berlin
152320d0,TuS Rot-Weiß Koblenz
3a7a5f05,TuS Schwachhausen
aa5142ce,TuS Wörrstadt
a14455f8,TV Alemannia Zähringen
64b6a9ba,TV Jahn Delmenhorst
2ec979d4,USC Paloma Hamburg
90d37df2,VfB Eichstätt
8c6d7dee,VfB Germania Halberstadt
36142aaa,VfB Hilden U19
57ea79cd,VfB Lübeck
a1f4798e,VfB Oldenburg
43ba50a6,VfB Stuttgart
598bc722,VfB Stuttgart
2959ee71,VfB Stuttgart II
f516c444,VfB Stuttgart U17
6928de6d,VfB Stuttgart U19
c149a178,VfB Waltrop U17
b42c6323,VfL Bochum
37a68655,VfL Bochum U17
5f0284ea,VfL Bochum U19
5ce4f885,VfL Bochum Women
108a53a3,VfL Jesteburg
6010ba78,VfL Oldenburg
3ce4e72c,VfL Osnabrück
fd06140a,VfL Osnabrück U17
a036ca44,VfL Osnabrück U19
4eaa11d7,VfL Wolfsburg
a1393014,VfL Wolfsburg
aabd9798,VfL Wolfsburg U17
4f4b03ee,VfL Wolfsburg U19
eb207015,VfR Aalen
d71f2df8,VfR Schwarz-Weiß Warbeyen
4c2260eb,VfR Wormatia 08 Worms
e42a660b,VfV 06 Hildesheim
4e35591b,VSG Altglienicke
d45bef5d,Walddörfer SV
0ac19e63,Wormatia Worms
864e4c89,Wuppertaler SV
05111478,Wuppertaler SV U17
ff6f8fac,Wuppertaler SV U19
4c2b6cd7,Würzburger Kickers
045c971f,AD Alcorcón
3a3ca6c0,AD Ceuta
52871cf6,AD Llerenense
64874c92,AD Lobón
c17e1270,AD San Juan
185108c9,AD Unión Adarve
d96b518b,ADCF Épila
bb92a5b1,AE Prat
78f0837b,Águilas FC
b7e3e46e,Albacete Balompié
1c57961b,Algeciras CF
e9fecaf2,Alhama CF
0ad57973,Alicante CF
c1c86ce0,Andorra CF
7ad6f838,Antequera CF
9fafb41e,Arandina CF
be22aa53,Arcos CF
096ba33f,Arenas Club de Getxo
a21bba3f,Arosa SC
60453880,Astur CF
e6951010,Atarfe Industrial CF
63f04c5e,Athletic Bilbao B
2b390eca,Athletic Club
94929c05,Athletic Club Femenino
d7a6fb3e,Atlético Astorga FC
b9fd4979,Atlético de Lugones SD
696353db,Atlético Granadilla
db3b9613,Atlético Madrid
b56c2667,Atlético Madrid Femenino
ca465b96,Atlético Malagueño
ed8f2aa5,Atlético Mancha Real
9a74e9d7,Atlético Porcuna CF
602550a5,Atlético Saguntino
d2309cb9,Atlético Sanluqueño CF
40857d1d,Atzeneta UE
3d8bdacd,AUGCD Ceuta
fd5b8bef,Barakaldo CF
7da065c5,Bergantiños FC
d9fac124,Burgos CF
2db3cb20,CA Antoniano
a5123ff9,CA Cirbonero
03c57e2b,CA Osasuna
08c7df78,CA Pulpileño
ee7c297c,Cádiz CF
c1ab030e,Calvo Sotelo Puertollano CF
545ab7ca,Caudal Deportivo
7d45b9ef,CB Ramón y Cajal
b82e5e21,CD Alcoyano
ff8db3c1,CD Alfaro
befb16e2,CD Algar
178b78ef,CD Amigó
489fe7e7,CD Arenteiro
03019850,CD Arnedo
c3f90428,CD Atlético Baleares
512a3146,CD Atlético Espeleño
33f40f8e,CD Aurrerá de Vitoria
60d5b8f5,CD Autol
e2fa7d28,CD Azuaga
404b88be,CD Badajoz
8f4dc73e,CD Baztán
0d0c170e,CD Becerril
1dfab819,CD Boiro
85637ef1,CD Brea
485e8c89,CD Buñol
9b31f997,CD Calahorra
cb71ce45,CD Cantolagua
9eef2995,CD Castellón
4435024a,CD Cayón
366bb2fb,CD Cazalegas
ad98cfcb,CD Ceuta 6 de Junio
6d15185b,CD Ciudad de Lucena
b66c834f,CD Colegios Diocesanos
e8fba31e,CD Coria
768c8a85,CD Cortes
ba47c03c,CD Covadonga
cf41b2c7,CD Cristo Atlético
8a1df7f4,CD Cuarte
52c049b3,CD Diocesano
36783279,CD Don Benito
337d8881,CD Ebro
0e08d4eb,CD Egüés
3d2c8e2e,CD El Álamo
5290e154,CD El Ejido 2012
fa36ed9b,CD Eldense
edaa7ef2,CD Estepona
12b17f5e,CD Extremadura
835569f2,CD Fuentes
f4158051,CD Gévora
74bd7f76,CD Guadalajara
eb74e9e0,CD Guijuelo
3813df20,CD Hernán Cortés
ab9eff99,CD Huracán Melilla
71e8cebc,CD Ibiza Islas Pitiusas
40c8c52f,CD Injerto
ceda2bb5,CD Izarra
bb2b6fd5,CD L'Alcora
c628ab57,CD Laguna
d6133833,CD Laredo
e8b8db26,CD Lealtad
7c6f2c78,CD Leganés
696c8d95,CD Logroñés
305def15,CD Los Yébenes San Bruno
eb7e5ea0,CD Lugo
ffbf3fa8,CD Málaga
5ba4dec1,CD Manchego Ciudad Real
4fd72c34,CD Marchamalo
03600d59,CD Marino
1be1c087,CD Mensajero
b6fdf69d,CD Minera
3640715c,CD Mirandés
6159dd7d,CD Monte
a4615984,CD Móstoles URJC
76d8bafa,CD Numancia
01881cc9,CD Olímpic de Xàtiva
f747c15b,CD Pedroñeras
4c01cb9f,CD Peña Azagresa
6a989f9a,CD Pontellas
bbb72c6b,CD Pradejón
5cc8faeb,CD Promesas EDF
752485e5,CD Puertollano
984aa4d8,CD Quintanar
68a2dd86,CD Quintanar del Rey
06f62bf5,CD Ribadumia
21ffe55a,CD Rincón
3c778d73,CD San Roque de Lepe
6d57c19f,CD Santa Amalia
d0fdbf0a,CD Santurtzi
6cf11ae9,CD Sauzal
60e96961,CD Sonseca
27cc9c62,CD Tenerife
7b0d4bb8,CD Teruel
fed2b3e7,CD Toledo
59e199e5,CD Tudelano
6e139c16,CD Utrillas
1680379e,CD Varea
e206f446,CD Villa de Fortuna
a5ddc149,CD Villamuriel
11b70370,CD Zirauki
b0786693,CDA Navalcarnero
d7da1191,CDE Ursaria
4ab7ad9f,CE Andratx
58b4e6fb,CE Cardassar
07de294e,CE Europa
08f4680b,CE L'Hospitalet
bd888d7c,CE Manacor
cdfeaac0,CE Manresa
9ec5e2c9,CE Sabadell FC
f25da7fb,Celta de Vigo
bd8a11ee,CF Badalona
be3375e1,CF Extremadura
44b79033,CF Fuenlabrada
6f2c1e00,CF Illueca
5e0abff4,CF Independiente Alicante
a30c0db6,CF Intercity
513a1069,CF Jaraíz
2073e8e0,CF La Nucía
fde61258,CF Lorca Deportiva
277bf1e1,CF Montañesa
3d716a2f,CF Panadería Pulido
fef8ad9e,CF Rayo Majadahonda
0132fa5f,CF Reus Deportiu
5a439546,CF Rusadir
a19eaf45,CF San Agustín de Guadalix
fb07fd02,CF Sporting de Mahón
83dfe3dc,CF Talavera de la Reina
ed58337e,CF Tardienta
35b19998,CF Trival Valderas
6858a1d3,CF Villanovense
b08aedf8,CF Vimenor
bea07c7f,CFJ Mollerussa
a3c3c40a,Chiclana CF
c9d6103e,Ciudad de Murcia
6cb4cb09,Club Deportivo Aldeano
eb1e017f,Club Deportivo Anaitasuna
06994e5c,Club Deportivo Atlético Paso
321c13cb,Club Deportivo Barquereño
4a563782,Club Deportivo Hernani
747d2723,Club Deportivo Huétor Tájar
389d0f31,Club Deportivo Utrera
453cae04,Club Portugalete
fed22a73,Comillas CF
d92bf720,Condal Club
6009ff35,"Córdoba Club de Fútbol (Unión Futbolística Cordobesa, S.A.D.)"
dd03f618,Coruxo FC
7202b84f,CP Cacereño
2e475b89,CP Chinato
819b92aa,CP Mérida
8676f7f8,CP Mijas-Las Lagunas
a5582a79,CP Parla Escuela
22151538,CU Zona Norte
38bf50d2,Cultural y Deportiva Leonesa
8d6fd021,Deportivo Alavés
aa11fb42,Deportivo Alavés Gloriosas
d6a70756,Deportivo Murcia FC
cd4f3562,Dinamo de San Juan CF
805d60ed,EF Dolorense
1b3ca39e,El Palmar CF
6c8b07df,Elche CF
73178cb3,FC Andorra
7e71abdc,FC Ascó
206d90db,FC Barcelona
ea1d7427,FC Barcelona B
15f49df1,FC Barcelona Femení
bbd9ac49,FC Cartagena
76f7c0e6,FC Jove Español San Vicente
e226e18c,FC Jumilla
753b93a5,FC Levante Las Planas
5a0826e8,Gernika Club
7848bd64,Getafe CF
d5de8ff3,Gimnàstic de Tarragona
44d5a66c,Gimnástica de Torrelavega
801b52b3,Gimnástica Segoviana CF
9024a00a,Girona FC
486d523c,Granada 74 CF
3fb163d6,Granada CF
a0435291,Granada CF
7f0874b6,Haro Deportivo
4222a514,Hércules CF
91f580c4,Huracán Valencia CF
12ca5aec,Internacional de Madrid CF
c0235a2f,Juventud Torremolinos CF
3b147c89,Las Rozas CF
9800b6a1,Levante UD
0f4738a8,Levante UD Femenino
0b1d333e,Linares Deportivo
5e8c6a2f,Lleida Esportiu
b7d7d4cd,Lorca Deportiva CF
13918110,Lorca FC
89818574,Madrid CF Femenino
1c896955,Málaga CF
2febfdd7,Manises CF
c7ea3cd1,Marbella FC
66281650,Marino de Luanco
2c490303,Melilla CD
74cd35b5,Mérida AD
0b765b35,Miengo FC
394264f0,Montilla CF
506223e6,Mora CF
1c592d25,Móstoles CF
d6232094,Nalón CF
2167e924,Náxara CD
bd27e156,Ontiñena CF
1f06f23d,Ontinyent CF
8740efb9,Orihuela CF
bec758d0,Ourense CF
6ddc35fb,PD Santa Eularia
53054362,Peña Sport FC
a1c762b2,Polideportivo Ejido
5f79c4a9,Pontevedra CF
962428a8,Racing de Ferrol
dee3bbc8,Racing de Santander
43fd5672,Racing Murcia FC
e995859d,Racing Rioja CF
a3223574,Rápido de Bouzas
98e8af82,Rayo Vallecano
2a60ed82,RC Deportivo de La Coruña
ea77063a,RC Deportivo La Coruña
a8661628,RCD Espanyol
9006d73e,RCD Espanyol Femení
2aa12281,RCD Mallorca
56f17f26,Real Ávila CF
066c99c3,Real Avilés
1dc019dc,Real Balompédica Linense
fc536746,Real Betis
74142337,Real Betis Féminas
fde10d5a,Real Burgos CF
99249528,Real Jaén
1b286de7,Real Madrid Castilla
53a2f082,Real Madrid CF
54582b93,Real Madrid CF Femenino
ab0dc306,Real Murcia CF
ab358912,Real Oviedo
e31d1cd9,Real Sociedad
576452c6,Real Sociedad B
c21f25d3,Real Sociedad Femenino
4bbf6ff7,Real Titánico
4a7ac492,Real Unión
17859612,Real Valladolid
800303a0,Real Zaragoza
6e1d6d95,Recreativo de Huelva
dd87f689,San Fernando CD
0d19ebfb,San Tirso SD
0413435e,SCD Durango
c66c2412,SCR Peña Deportiva
fc48a2f0,SD Almazán
5f70a1fa,SD Amorebieta
a3ebe635,SD Beasain
63505675,SD Compostela
bea5c710,SD Eibar
e4f27ff1,SD Eibar Femenino
2da7552b,SD Ejea
350eb807,SD Formentera
c6c493e6,SD Huesca
6321b6c3,SD Leioa
1102c264,SD Logroñés
ffbaa3d2,SD Ponferradina
6e27c465,SD Tarazona
e7593c7f,SE Penya Independent
98a34819,Selaya FC
7c60889d,Sestao River Club
d25e7cd1,Sevilla Atlético
ad2be733,Sevilla FC
215d9026,Sevilla FC Femenino
db838163,Solares SD
bb9efd50,Sporting de Gijón
27acb0af,Sporting de Huelva
76e28b38,Terrassa FC
b9928a2f,Tolosa CF
550d19ed,Turégano CF
27624e4d,UB Conquense
70de671a,UC Ceares
7ea2a556,UCAM Murcia CF
78ecf4bb,UD Almería
1ed4630d,UD Alzira
3084171d,UD Barbadás
4eaa9116,UD Barbastro
924ff580,UD Fraga
edcfb6de,UD Gran Tarajal
4c088abe,UD Granadilla Tenerife
43b36818,UD Guía
c187b7ab,UD Ibiza
47ce7abb,UD Lanzarote
0049d422,UD Las Palmas
fa667d74,UD Llanera
31f1bcca,UD Logroñés
e02175a2,UD Melilla
3fab2453,UD Montijo
48ddf22e,UD Mutilvera
30ca2005,UD Playas de Sotavento
dc8390fa,UD Poblense
13035553,UD Rotlet Molinar
c32656d6,UD Salamanca
64a0f1a9,UD Salamanca B
48b8dc6f,UD San Fernando
850aaa78,UD San Pedro
c4c866db,UD San Sebastián de los Reyes
8007b42d,UD Socuéllamos
1a4e1da9,UD Somozas
b1b1379f,UD Tamaraceite
fa37a98d,UD Tomares
5f8089d7,UD Vecindario
71a795dd,UD Villa de Santa Brígida
60254744,UE Cornellà
1be2b93d,UE Figueres
ff4ed90c,UE Llagostera
def43993,UE Lleida
043933e8,UE Olot
80829fce,UE Rubí
2358159b,UE Sant Andreu
ed01bb97,UE Vic
22c1c21c,UM Escobedo
8b3a2c2a,Unami Club Polideportivo
5b9f913c,Unionistas de Salamanca CF
5514587a,Universitario FC
efbf6a9b,UP Langreo
6bbe3770,Urraca CF
b9dcfe40,Utebo FC
dcc91a7b,Valencia CF
f96ff499,Valencia CF Femenino
4de34fe9,Velarde CF
497401d7,Vélez CF
4b80c140,Victoria CF
2a8183b3,Villarreal CF
408a9724,Villarreal CF B
7a7bef84,Villarreal CF Femenino
ea53b1d0,Villarrubia CF
c653e8bf,Xerez CD
bf87d1df,Xerez Deportivo FC
dd8f1ff9,Yeclano Deportivo
e36fc5db,Zamora CF
e846d4d3,Zamudio SD
1f356dd3,A.D.C. Viterbese Castrense
1d2f81d0,AC Ancona
283f2557,AC Cesena
cc919b35,AC ChievoVerona
db5b9460,AC Delta Porto Tolle Rovigo
7ec150fb,AC Fanfulla 1874
db80f322,AC Mantova
54da9a57,AC Milan
dc56fe14,AC Milan
21680aa4,AC Monza
c8ecf1f0,AC Pavia
37cba288,AC Perugia Calcio
4cceedfc,AC Pisa 1909
ae8831e9,AC Prato
19008e93,AC Reggiana 1919
017333b0,AC Renate
2e2a1dc7,AC Rezzato
94420866,AC Rimini 1912
45a2f824,AC Siena
8d3c2917,AC Tuttocuoio 1957 San Miniato
ba72c8f9,ACF Brescia Femminile
421387cf,ACF Fiorentina
fe2dc36d,ACR Messina
b56b39b9,Alma Juventus Fano 1906
1a8d4355,AS Cittadella
5dff45da,AS Fasano
23d99f68,AS Giana Erminio
21e84826,AS Gubbio 1910
939201df,AS Livorno Calcio
55487478,AS Melfi
9f766eb2,AS Pro Piacenza 1919
02f8d026,AS Roma
cf74a709,AS Roma
67ae2dc0,AS Varese 1910
72c031e3,Ascoli Picchio FC 1898
d59e6510,ASD AGSM Verona CF
10a88d5e,ASD Albalonga
97b9a6dc,ASD Calcio Chieri 1955
9f18ced7,ASD Calcio Pomigliano
f5652346,ASD FC Sassari Torres Femminile
801c930e,ASD Fidelis Andria 1928
5e5d8365,ASD Francavilla Calcio
beb835cd,ASD Gelbison Cilento Vallo della Lucania
1200ceec,ASD Lanusei Calcio
c7be5f49,ASD Mozzanica
d42222a0,ASD Nerostellati Frattese
1344ee62,ASD Nocerina
adba8c92,ASD Orobica Calcio Bergamo
a8bf229e,ASD Sambenedettese Calcio
db0c414c,ASD Sanremese
7bb568c4,ASD Sassari Calcio Latte Dolci
5546e625,ASD Sicula Leonzio
60b3bf3d,ASD Trastevere Calcio
f708d195,Associazione Sportiva Dilettantistica Terme Montecatini
a455e873,Associazione Sportiva Pineto Calcio
922493f3,Atalanta BC
62da6f23,Aurora Pro Patria 1919
39a71bda,Bassano Virtus 55 S.T.
4fcb34fd,Benevento Calcio
1d8099f8,Bologna FC 1909
4ef57aeb,Brescia Calcio
c4260e09,Cagliari Calcio
7b046f08,Calcio Catania
f4d63608,Calcio Lecco 1912
4e5f8b9a,Calcio Padova
8f1d55c9,Calcio Portogruaro-Summaga
c91fda5e,Campodarsego Calcio 1974
71f07916,Carpi FC 1909
379ce81a,Carrarese Calcio 1908
d42d8b2f,CF Florentia
1a5547ca,Ciliverghe Calcio
28c9c3cd,Como 1907
34963d0d,Cosenza Calcio 1914
b985784c,Delfino Pescara 1936
a3d88bd8,Empoli FC
b72bc283,Empoli FC
01baa639,FC Bari 1908
ca3d3c6d,FC Casertana
756c9acb,FC Como Women
3074d7b1,FC Crotone
a4770d36,FC Francavilla
8da889fd,FC Ponsacco 1920 SSD
119d232e,FC Pro Vercelli 1892
13dabbde,FC Südtirol
2a333e87,FCD Altovicentino
c41460da,FeralpiSalò
d1751df8,Fermana FC
c99ff6e5,Fiorentina Women's FC
948f8c03,Foggia Calcio
a2b35bfe,Foligno Calcio
6a7ad59d,Frosinone Calcio
acd3620d,Gallipoli Calcio
658bf2de,Genoa CFC
f6c7870b,GSD Ambrosiana
ec5e0627,GSD RapalloBogliasco
0e72edf2,Hellas Verona FC
d35ed67b,Hellas Verona Women
1bc935e2,Imolese Calcio 1919
06d05f19,Internazionale
d609edc0,Internazionale
e0652b02,Juventus FC
613577b8,Juventus FC Women
76f8ece4,L'Aquila Calcio 1927
71a3700b,Modena FC
9ad13224,Monterosi FC
6c37111f,Novara Calcio
52d9e9ec,Paganese Calcio 1926
eab4234c,Parma Calcio 1913
f7d05cb5,Parma Calcio 2022
81e923a1,Piacenza Calcio 1919
be35aa4d,Pink Bari Calcio
21d18cee,Pordenone Calcio
05622b78,Potenza FC
5ddf8dcd,PS AZ Picerno 1973
a82b75cb,Ravenna FC
46f8c29f,Reggina Calcio
7a54f4e0,S.E.F. Torres 1903
753e8ebd,Santarcangelo Calcio
d9239af7,Savona F.B.C.
7d6376ef,SC Caronnese ASD
4d3669f0,SC Siracusa
1d2fe027,SPAL 2013
68449f6d,Spezia Calcio
9144bbcf,SS Juve Stabia
7213da33,SS Lazio
19db4c32,SS Lazio CF
d0e3babf,SS Maceratese 1922
3df3bf3e,SS Matelica Calcio
6ae4092c,SS Matera Calcio
9ce276a7,SS Monopoli 1966
a030cac2,SS Rende
6698ea68,SS Teramo Calcio
4b665bcf,SS Turris Calcio
215a8f32,SS Virtus Lanciano 1924
d48ad4ff,SSC Napoli
66c6f303,SSD Casarano Calcio
cc6ecd46,SSD ChievoVerona Valpo
7244be05,SSD Correggese Calcio 1948
c12d137b,SSD Lucchese 1905
be34cd7d,SSD Massese
828ce826,SSD Napoli Femminile
1e1f2285,SSD San Nicolò Calcio
06f1bce7,Taranto FC 1927
d8be8b3e,Ternana Calcio
032a276b,Terracina Calcio 1925
105360fe,Torino FC
a6a65dea,Trapani Calcio
f71ec3ae,Treviso FBC 1993
80339f83,Tritium Calcio 1908
016ace97,UC AlbinoLeffe
58e367c3,UC Sampdoria
8ff9e3b3,UC Sampdoria
04eea015,Udinese Calcio
331a33a7,UPC Tavagnacco
432888d9,US Adriese
a5ebf4c6,US Alessandria Calcio 1912
07d09fc5,US Arezzo
2fe3a344,US Avellino 1912
b964e6bb,US Catanzaro 1929
ee058a17,US Città di Palermo
c30f1d72,US Città di Pontedera
9aad3a77,US Cremonese
05cd3601,US Grosseto FC
c4afcbfa,US Latina Calcio
ffcbe334,US Lecce
fb95fa60,US Pistoiese 1921
449bb4fd,US Poggibonsi
c5577084,US Salernitana 1919
a8e83f23,US Sassuolo Calcio
e2befd26,US Sassuolo Calcio
3bebd1ac,US Triestina Calcio
d0638aa6,USD 1913 Seregno Calcio
b6a20577,USD Akragas Città dei Templi
ac05e1a1,USD Breno
151ad71e,USD Cavese 1919
0f16a817,USD Olginatese
bf51962a,USD Sestri Levante 1919
af5d5982,Venezia FC
2591250b,Vicenza Calcio
f201f5dd,Virtus Entella
9682f9b2,AC St. Louis
ae38d267,Angel City FC
5bbf5504,Atlanta Beat
fe976682,Atlanta Silverbacks FC
fb80957a,Atlanta United 2
1ebc1a5b,Atlanta United FC
6a4b197d,Austin Aztex
1ef41a83,Austin Aztex FC
82754ed5,Austin Bold FC
b918956d,Austin FC
ff6fac35,AV Alta FC
231a532f,Bay FC
448d7865,Birmingham Legion FC
673cfa7a,Boston Breakers
ab757728,Boston Breakers
feb76e55,California Victory
1bc7d1c8,Carolina Courage
a8ba0163,CD Chivas USA
ab69a36a,Central Valley Fuego FC
91aa83f9,Charleston Battery
bdfca054,Charlotte Eagles
eb57545a,Charlotte FC
2a49d3f3,Charlotte Independence
ac3a9524,Chattanooga Red Wolves SC
f9940243,Chicago Fire FC
d976a235,Chicago Stars FC
6cc6db7b,Cleveland City Stars
415b4465,Colorado Rapids
e5e323aa,Colorado Springs Switchbacks FC
529ba333,Columbus Crew
c6e261a5,Crystal Palace Baltimore
44117292,D.C. United
29c622fe,Dayton Dutch Lions FC
a2e0ad49,Detroit City FC
8ed09812,El Paso Locomotive FC
aa305eb1,FC Cincinnati
e9ea41b2,FC Cincinnati
15cf8f40,FC Dallas
64c362f2,FC Kansas City
bf6a30ee,FC Naples
57acdb14,FC New York
126a5825,FC Tucson
6d0be563,FC Tulsa
871e5396,Fort Lauderdale CF
46a8e772,Fort Lauderdale Strikers
7f28310b,Forward Madison FC
08694cbe,Fresno FC
5a18b1b8,Greenville Triumph SC
c650f805,Hartford Athletic
e813709a,Houston Dash
0d885416,Houston Dynamo FC
3fdc81dd,Indy Eleven
cb8b86a2,Inter Miami CF
c0517948,Jacksonville Armada FC
6f666306,Kansas City Current
d8b46897,LA Galaxy
ccb036c4,LA Galaxy II
baec986d,Las Vegas Lights FC
7622315f,Lexington SC
81d817a3,Los Angeles FC
f70f4c6e,Loudoun United FC
43e28cc5,Louisville City FC
41736050,Memphis 901 FC
a0a57b76,Miami FC
29bf0f20,Miami Fusion FC
be0feb6d,Milwaukee Wave United
a89b3919,Minnesota Thunder
817a8e14,Minnesota United FC
99ea75a6,Minnesota United FC
ed74064b,Monterey Bay FC
0b3a304c,Nashville SC
35f1b818,Nashville SC
3c079def,New England Revolution
0a5b6af6,New England Revolution II
87389b8b,New Mexico United
64e81410,New York City FC
f39215d2,New York Cosmos
cd84272f,New York Power
69a0fb10,New York Red Bulls
86431469,New York Red Bulls II
8e306dc6,NJ/NY Gotham FC
85c458aa,North Carolina Courage
822b124d,North Carolina FC
3e347617,North Texas SC
636866ec,Northern Colorado Hailstorm FC
a0b3d640,Oakland Roots SC
507b611f,OKC Energy FC
d8a86fae,One Knoxville SC
7d8a4e62,Orange County SC
b2c5a355,Orlando City B
46ef01d0,Orlando City SC
fdf691b3,Orlando City SC
2a6178ac,Orlando Pride
af86bd6c,Penn FC
93b9bf67,Philadelphia Charge
46024eeb,Philadelphia Union
dd87c217,Philadelphia Union II
43522b3e,Phoenix FC
3b2880c1,Phoenix Rising FC
1a1aef59,Pittsburgh Riverhounds
b5756dd4,Portland Hearts of Pine
df9a10a1,Portland Thorns FC
4a68b04c,Portland Timbers
d076914e,Portland Timbers
e2fb1e72,Portland Timbers 2
da19ebd1,Racing Louisville FC
363a32d6,Rayo OKC
95f8ef61,Real Monarchs SLC
f7d86a43,Real Salt Lake
01ed6ca7,Reno 1868 FC
a568f421,Rhode Island FC
56f799dc,Richmond Kickers
0587babf,Rio Grande Valley FC
f8c23439,Rochester New York FC
d1903ffe,Sacramento Republic FC
5dbb5542,Saint Louis FC
42cc5a38,San Antonio FC
937ad40a,San Antonio Scorpions
91b092e1,San Diego FC
c1638861,San Diego Loyal SC
8c0b8918,San Diego Spirit
bf961da0,San Diego Wave FC
9c1c3c16,San Francisco Deltas
4ead1bce,San Jose CyberRays
ca460650,San Jose Earthquakes
257fad2b,Seattle Reign FC
de11a638,Seattle Sounders
6218ebd4,Seattle Sounders FC
24e94d7b,South Georgia Tormenta FC
26f41345,Spokane Velocity FC
4acb0537,Sporting Kansas City
3b7d96a4,Sporting Kansas City II
bd97ac1f,St. Louis City SC
dbbcf625,Syracuse Salty Dogs
3b922c89,Tacoma Defiance
bb0cf8e7,Tampa Bay Mutiny
28dabcec,Tampa Bay Rowdies
9665b007,Texoma FC
8585378e,Union Omaha SC
d4c130bc,Utah Royals
3d45f07d,Virginia Beach Mariners
43d078b5,VSI Tampa Bay FC
b2526627,Washington Freedom
e442aad0,Washington Spirit
62dcbce8,Westchester SC
5f911568,Western New York Flash
be96b45c,Wilmington Hammerheads FC
127bc5f3,AA Esmac Ananindeua
b36f65fd,AA Ponte Preta
fadd306a,ABC FC
3c7dd952,Amazonas FC
750147f8,América (MG)
1f68d780,América FC (MG)
a77bea94,América FC (RN)
52a6209e,Associação Acadêmica e Desportiva Vitória das Tabocas
b162ebe7,Associação Atlética Ponte Preta
baa296ad,Associação Chapecoense de Futebol
e48dfc07,Associação Desportiva Confiança
695e3d7c,Associação Desportiva Recreativa e Cultural Icasa
4bb1ba5a,Associação Ferroviária
9f001fc9,Associação Napoli Cacadorense
cebe6a06,Associação Portuguesa de Desportos
32d508ca,Atlético Clube Goianiense
cbecab54,Avaí FC
f205258a,Avaí FC
f7a205c2,Boa Esporte Clube
d9fdd9d9,Botafogo de Futebol e Regatas
3cc399a5,Botafogo FC
289b0441,Botafogo FR
2f9fda3d,Brasília FC
b8daef43,Brusque Futebol Clube
fe38f57e,CA Mineiro
d834ff3a,CA Paranaense
2f335e17,Ceará SC
b88d07ca,Ceará SC
05aff519,Centro Sportivo Alagoano
2091c619,Club Athletico Paranaense
422bb734,Clube Atlético Mineiro
2d4d7b6a,Clube do Remo
b5effd9e,Clube Náutico Capibaribe
d680d257,Coritiba FC
7fcb6e83,CR Brasil
639950ae,CR Flamengo
f3186648,CR Flamengo
83f55dbe,CR Vasco da Gama
6dc3878e,Cresspom
3f7595bb,Criciúma Esporte Clube
bc0fa202,Cruzeiro EC
03ff5eeb,Cruzeiro Esporte Clube
f0e6fb14,Cuiabá Esporte Clube
f7aa346b,EC Bahia
0ebb6479,EC Vitória
157b7fee,Esporte Clube Bahia
0a8d6081,Esporte Clube Iranduba da Amazônia
d081b697,Esporte Clube Juventude
ab0835d2,Esporte Clube São Bento
33f95fe0,Esporte Clube Vitória
0ce4436d,Figueirense FC
84d9701c,Fluminense FC
bd614ad8,Fluminense FC
a9d0ab0e,Fortaleza Esporte Clube
201f6128,Foz Cataratas Futebol Clube
78c617cc,Goiás Esporte Clube
d11febf7,Grêmio Esportivo Brasil
e6079b11,Grêmio FBPA
d5ae3703,Grêmio Foot-Ball Porto Alegrense
7a1064a2,Grêmio Novorizontino
59d13cc3,Grêmio Osasco Audax
341d7cb0,Guarani FC
62d22efa,Ituano FC
da0666a2,Joinville Esporte Clube
7886dd6c,Londrina Esporte Clube
e1ad075e,Luverdense Esporte Clube
f430869b,Macaé Esporte FC
0ee91649,Minas ICESP
289e8847,Mirassol Futebol Clube
8365a0df,Mogi Mirim Esporte Clube
4d0b6235,Oeste FC
d2dc922e,Operário Ferroviário Esporte Clube
ab17f2e9,Paraná Clube
81f8aeb6,Paysandu SC
526e227b,Real Ariquemes EC
9a347f63,Real Brasília FC
a42a6f49,Red Bull Bragantino
f98930d1,Red Bull Bragantino
740be0b0,Sampaio Corrêa FC
ad0c1246,Santa Cruz FC (PE)
712c528f,Santos FC
92946864,Santos FC
f321c9ec,São Francisco EC
82e9e809,São José Esporte Clube
1bf3f807,São Paulo FC
5f232eb1,São Paulo FC
9cdc3b24,SC Corinthians Paulista
bf4acd28,SC Corinthians Paulista
32ee23ab,SC Internacional
6f7e1f03,SC Internacional
a9d9931b,SE Palmeiras
abdce579,SE Palmeiras
a89efcfa,Sport Club do Recife
ece66b78,Sport Club do Recife
7821139a,Tombense Futebol Clube
aa2e6305,Tupi Esporte Clube
f050c492,Vila Nova FC
c458eb43,AFC Eskilstuna
661daef2,AIK Fotboll Dam
b0333581,AIK Stockholm
2524d69a,Akropolis IF
3ca22e98,Alingsås FC United
71faec46,Ängelholms FF
e8f59c12,Assyriska FF
839b0f48,Åtvidabergs FF
9fd6a0e2,BK Forward
8774e267,BK Häcken
89f584e1,BK Häcken FF
1c8804ab,Dalkurd FF
3692fadf,Degerfors IF
9423c05a,Djurgårdens IF
6e6b8b3f,Djurgårdens IF FF
fc93c0ac,Enköpings SK
ec463dd1,Eskilstuna United DFF
f6c2b357,Falkenbergs FF
a2c4c17a,FC Rosengård
f04f3f07,FC Stockholm Internazionale
1dc52c19,FC Trollhättan
7c2d1adb,GAIS
dbeb3dcd,Gefle IF
bc509855,GIF Sundsvall
17366e53,Halmstads BK
92bfd7f0,Hammarby IF
10207b7a,Hammarby IF FF
f8a195cc,Helsingborgs IF
64992350,Husqvarna FF
bb9e11b2,IF Brommapojkarna
892e1bd7,IF Brommapojkarna
50e85bfc,IF Elfsborg
bee0234b,IF Limhamn Bunkeflo
1ae7143a,IF Limhamn Bunkeflo
c6643e06,IF Sylvia
ef1ab26a,IFK Göteborg
d2cc05c6,IFK Kalmar
1d0836d6,IFK Norrköping
3f1d88b4,IFK Norrköping DFK
d048ed60,IFK Värnamo
a5c668fb,IK Brage
d90d4f6c,IK Frej
0badeac1,IK Oddevold
e9d60d0c,IK Sirius
8a314045,IK Uppsala Fotboll
2dbba1ba,Jönköpings Södra IF
9f13771c,Kalmar FF
9e6fd5fb,KIF Örebro DFF
9ec14616,Kristianstads DFF
65d3b925,Kungsbacka DFF
11721725,Kvarnsvedens IK
4c73fbee,Landskrona BoIS
2972399d,Linköpings FC
ff7f69d8,Ljungskile SK
2fb58411,Lunds BK
f3d8c8b9,Malmö FF
8b393ec3,Malmö FF
b1a7a7b9,Mjällby AIF
9b54c4af,Norrby IF
6dc9bfb4,Örebro SK
1334a86c,Örgryte IS
fb042032,Oskarshamns AIK
dc06109e,Östers IF
577e2606,Östersunds FK
a5e92def,Piteå IF
fa96ed13,Qviding FIF
981deacf,Sandvikens IF
8cbc7ef4,Skövde AIK
b2d1b461,Syrianska FC
b76a85f3,Trelleborgs FF
1a4fb68c,Trelleborgs FF
1b8dd8e3,Umeå FC
e77513f5,Umeå IK
8ddb540b,Utsiktens BK
74780d66,Varbergs BoIS
61cd6504,Vasalunds IF
a8481ab9,Västerås SK
2821f6e7,Västra Frölunda IF
c5703518,Växjö DFF
a1979431,Vittsjö GIK
a2dc07ac,AFC Tubize
d0420e9c,AS Verbroedering Geel
2a1fc08b,Beerschot AC
e8d2adc4,Cercle Brugge KSV
07664737,Club Brugge KV
f1e6c5f1,Club Brugge KV
ad590ea7,Club NXT
eac05419,DVL Zonhoven
f780fd06,Excel Mouscron
a697eb08,FC Fémina White Star Woluwé
868afa3f,FCV Dender EH
c2531814,Francs Borains
a5d696cc,K. Beringen-Heusden-Zolder
51e5a603,KAA Gent
5cc94039,KAA La Gantoise
5809ddc3,KAS Eupen
6b44e810,KFC Dessel Sport
25c62e18,KFC Verbroedering Geel
2e636529,KFC Vigor Wuitens Hamme
c16e44ce,KFCO Beerschot Wilrijk
d6611ea0,KMSK Deinze
1e972a99,KRC Genk
e806fd60,KRC Genk U23
32e7457c,KRC Mechelen
ce6f0cf4,KSC Lokeren-Temse
ed2cac90,KSK Beveren
c4989af9,KSK Heist
ec36fcb9,KSV Roeselare
a556bb54,KSV Waregem
77193015,KV Kortrijk
09f00144,KV Mechelen
95b895fe,KV Oostende
8f9fe239,KV Woluwe-Zaventem
b12e5fbb,KVC Westerlo
57b6cfb8,KVC Westerlo
7353c34d,KVV Coxyde
97c66f8c,Lierse Kempenzonen
9ea31445,Lierse SK
6f98eba9,Lommel SK
27e981a3,OH Leuven
696ced1d,Oud-Heverlee Leuven
140e320a,R. Charleroi SC
89e806ff,R.F.C. Seraing
11474078,RAA Louviéroise
5894f11f,RAEC Mons
5be3855a,RE Mouscron
3ae1e75f,RE Virton
b302c01b,RFC Liège
c2e6b53b,Royal Antwerp FC
8eadc84f,Royal Standard de Liège U23
e14f61a5,Royale Union SG
231a3620,RSC Anderlecht
08ad393c,RSC Anderlecht
19c8caf5,RSC Anderlecht U23
e423ea45,RWD Molenbeek
09b8f0cd,RWDM Brussels FC
8af03614,RWS Bruxelles
b04d7956,SC Eendracht Aalst
80328a1e,Sint-Truidense V.V.
3a282a27,Sporting du Pays de Charleroi
bada91db,Sporting Lokeren
261c5544,Standard Fémina de Liège
33c6b26e,Standard Liège
ecd34b98,SV Zulte Waregem
33f08abd,VC Dames Eendracht Aalst
0217e4d8,Waasland-Beveren
a172ed0a,Yellow-Red KV Mechelen
